0,0,0.100
4.500,-6.760,0.100
4.500,-5.760,0.100
-4.500,-5.760,0.100
-4.500,-6.760,0.100
4.500,-6.760,0.100
4.500,-5.760,0.100
4.500,-5.760,0.200
-4.500,-5.760,0.200
-4.500,-6.760,0.200
4.500,-6.760,0.200
4.500,-5.760,0.200
4.500,-5.760,0.300
-4.500,-5.760,0.300
-4.500,-6.760,0.300
4.500,-6.760,0.300
4.500,-5.760,0.300
-4.500,-6.760,0.300
-4.500,-6.760,0.400
4.500,-6.760,0.400
4.500,-5.760,0.400
-4.500,-5.760,0.400
-4.500,-6.760,0.400
4.500,-5.760,0.400
4.500,-5.760,0.500
-4.500,-5.760,0.500
-4.500,-6.760,0.500
4.500,-6.760,0.500
4.500,-5.760,0.500
-4.500,-5.760,0.500
-4.500,-5.760,0.600
-4.500,-6.760,0.600
4.500,-6.760,0.600
4.500,-5.760,0.600
-4.500,-5.760,0.600
4.500,-6.760,0.600
4.500,-6.760,0.700
4.500,-5.760,0.700
-4.500,-5.760,0.700
-4.500,-6.760,0.700
4.500,-6.760,0.700
4.500,-6.760,0.800
4.500,-5.760,0.800
-4.500,-5.760,0.800
-4.500,-6.760,0.800
4.500,-6.760,0.800
-4.500,-6.760,0.800
-4.500,-6.760,0.900
4.500,-6.760,0.900
4.500,-5.760,0.900
-4.500,-5.760,0.900
-4.500,-6.760,0.900
4.500,-5.760,0.900
4.500,-5.760,1.000
-4.500,-5.760,1.000
-4.500,-6.760,1.000
4.500,-6.760,1.000
4.500,-5.760,1.000
4.500,-5.760,1.100
-4.500,-5.760,1.100
-4.500,-6.760,1.100
4.500,-6.760,1.100
4.500,-5.760,1.100
-4.500,-5.760,1.100
-4.500,-5.760,1.200
-4.500,-6.760,1.200
4.500,-6.760,1.200
4.500,-5.760,1.200
-4.500,-5.760,1.200
-4.500,-6.760,1.200
-4.500,-6.760,1.300
4.500,-6.760,1.300
4.500,-5.760,1.300
-4.500,-5.760,1.300
-4.500,-6.760,1.300
4.500,-5.760,1.300
4.500,-5.760,1.400
-4.500,-5.760,1.400
-4.500,-6.760,1.400
4.500,-6.760,1.400
4.500,-5.760,1.400
4.500,-6.760,1.400
4.500,-6.760,1.500
4.500,-5.760,1.500
-4.500,-5.760,1.500
-4.500,-6.760,1.500
4.500,-6.760,1.500
-4.500,-6.760,1.500
-4.500,-6.760,1.600
4.500,-6.760,1.600
4.500,-5.760,1.600
-4.500,-5.760,1.600
-4.500,-6.760,1.600
-4.500,-6.760,1.700
4.500,-6.760,1.700
4.500,-5.760,1.700
-4.500,-5.760,1.700
-4.500,-6.760,1.700
4.500,-5.760,1.700
4.500,-5.760,1.800
-4.500,-5.760,1.800
-4.500,-6.760,1.800
4.500,-6.760,1.800
4.500,-5.760,1.800
4.500,-6.760,1.800
4.500,-6.760,1.900
4.500,-5.760,1.900
-4.500,-5.760,1.900
-4.500,-6.760,1.900
4.500,-6.760,1.900
-4.500,-6.760,1.900
-4.500,-6.760,2.000
4.500,-6.760,2.000
4.500,-5.760,2.000
-4.500,-5.760,2.000
-4.500,-6.760,2.000
4.500,-6.760,2.000
4.500,-6.760,2.100
4.500,-5.760,2.100
-4.500,-5.760,2.100
-4.500,-6.760,2.100
4.500,-6.760,2.100
-4.500,-5.760,2.100
-4.500,-5.760,2.200
-4.500,-6.760,2.200
4.500,-6.760,2.200
4.500,-5.760,2.200
-4.500,-5.760,2.200
4.500,-5.760,2.200
4.500,-5.760,2.300
-4.500,-5.760,2.300
-4.500,-6.760,2.300
4.500,-6.760,2.300
4.500,-5.760,2.300
4.500,-6.760,2.300
4.500,-6.760,2.400
4.500,-5.760,2.400
-4.500,-5.760,2.400
-4.500,-6.760,2.400
4.500,-6.760,2.400
4.500,-5.760,2.400
4.500,-5.760,2.500
-4.500,-5.760,2.500
-4.500,-6.760,2.500
4.500,-6.760,2.500
4.500,-5.760,2.500
4.500,-5.760,2.600
-4.500,-5.760,2.600
-4.500,-6.760,2.600
4.500,-6.760,2.600
4.500,-5.760,2.600
-4.500,-5.760,2.600
-4.500,-5.760,2.700
-4.500,-6.760,2.700
4.500,-6.760,2.700
4.500,-5.760,2.700
-4.500,-5.760,2.700
4.500,-6.760,2.700
4.500,-6.760,2.800
4.500,-5.760,2.800
-4.500,-5.760,2.800
-4.500,-6.760,2.800
4.500,-6.760,2.800
-4.500,-5.760,2.800
-4.500,-5.760,2.900
-4.500,-6.760,2.900
4.500,-6.760,2.900
4.500,-5.760,2.900
-4.500,-5.760,2.900
-4.500,-6.760,2.900
-4.500,-6.760,3.000
4.500,-6.760,3.000
4.500,-5.760,3.000
-4.500,-5.760,3.000
-4.500,-6.760,3.000
4.500,-6.760,3.000
4.500,-6.760,3.100
4.500,-5.760,3.100
-4.500,-5.760,3.100
-4.500,-6.760,3.100
4.500,-6.760,3.100
-4.500,-6.760,3.100
-4.500,-6.760,3.200
4.500,-6.760,3.200
4.500,-5.760,3.200
-4.500,-5.760,3.200
-4.500,-6.760,3.200
-4.500,-6.760,3.300
4.500,-6.760,3.300
4.500,-5.760,3.300
-4.500,-5.760,3.300
-4.500,-6.760,3.300
-4.500,-6.760,3.400
4.500,-6.760,3.400
4.500,-5.760,3.400
-4.500,-5.760,3.400
-4.500,-6.760,3.400
4.500,-5.760,3.400
4.500,-5.760,3.500
-4.500,-5.760,3.500
-4.500,-6.760,3.500
4.500,-6.760,3.500
4.500,-5.760,3.500
-4.500,-5.760,3.500
-4.500,-5.760,3.600
-4.500,-6.760,3.600
4.500,-6.760,3.600
4.500,-5.760,3.600
-4.500,-5.760,3.600
-4.500,-5.760,3.700
-4.500,-6.760,3.700
4.500,-6.760,3.700
4.500,-5.760,3.700
-4.500,-5.760,3.700
-4.500,-6.760,3.700
-4.500,-6.760,3.800
4.500,-6.760,3.800
4.500,-5.760,3.800
-4.500,-5.760,3.800
-4.500,-6.760,3.800
-4.500,-5.760,3.800
-4.500,-5.760,3.900
-4.500,-6.760,3.900
4.500,-6.760,3.900
4.500,-5.760,3.900
-4.500,-5.760,3.900
4.500,-5.760,3.900
4.500,-5.760,4.000
-4.500,-5.760,4.000
-4.500,-6.760,4.000
4.500,-6.760,4.000
4.500,-5.760,4.000
4.500,-6.760,4.000
4.500,-6.760,4.100
4.500,-5.760,4.100
-4.500,-5.760,4.100
-4.500,-6.760,4.100
4.500,-6.760,4.100
-4.500,-6.760,4.100
-4.500,-6.760,4.200
4.500,-6.760,4.200
4.500,-5.760,4.200
-4.500,-5.760,4.200
-4.500,-6.760,4.200
4.500,-5.760,4.200
4.500,-5.760,4.300
-4.500,-5.760,4.300
-4.500,-6.760,4.300
4.500,-6.760,4.300
4.500,-5.760,4.300
4.500,-5.760,4.400
-4.500,-5.760,4.400
-4.500,-6.760,4.400
4.500,-6.760,4.400
4.500,-5.760,4.400
4.500,-5.760,4.500
-4.500,-5.760,4.500
-4.500,-6.760,4.500
4.500,-6.760,4.500
4.500,-5.760,4.500
4.500,-6.760,4.500
4.500,-6.760,4.600
4.500,-5.760,4.600
-4.500,-5.760,4.600
-4.500,-6.760,4.600
4.500,-6.760,4.600
4.500,-6.760,4.700
4.500,-5.760,4.700
-4.500,-5.760,4.700
-4.500,-6.760,4.700
4.500,-6.760,4.700
-4.500,-6.760,4.700
-4.500,-6.760,4.800
4.500,-6.760,4.800
4.500,-5.760,4.800
-4.500,-5.760,4.800
-4.500,-6.760,4.800
-4.500,-6.760,4.900
4.500,-6.760,4.900
4.500,-5.760,4.900
-4.500,-5.760,4.900
-4.500,-6.760,4.900
-4.500,-5.760,4.900
-4.500,-5.760,5.000
-4.500,-6.760,5.000
4.500,-6.760,5.000
4.500,-5.760,5.000
-4.500,-5.760,5.000
4.500,-6.760,5.000
4.500,-6.760,5.100
4.500,-5.760,5.100
-4.500,-5.760,5.100
-4.500,-6.760,5.100
4.500,-6.760,5.100
-4.500,-6.760,5.100
-4.500,-6.760,5.200
4.500,-6.760,5.200
4.500,-5.760,5.200
-4.500,-5.760,5.200
-4.500,-6.760,5.200
-4.500,-6.760,5.300
4.500,-6.760,5.300
4.500,-5.760,5.300
-4.500,-5.760,5.300
-4.500,-6.760,5.300
-4.500,-6.760,5.400
4.500,-6.760,5.400
4.500,-5.760,5.400
-4.500,-5.760,5.400
-4.500,-6.760,5.400
-4.500,-6.760,5.500
4.500,-6.760,5.500
4.500,-5.760,5.500
-4.500,-5.760,5.500
-4.500,-6.760,5.500
-4.500,-5.760,5.500
-4.500,-5.760,5.600
-4.500,-6.760,5.600
4.500,-6.760,5.600
4.500,-5.760,5.600
-4.500,-5.760,5.600
4.500,-5.760,5.600
4.500,-5.760,5.700
-4.500,-5.760,5.700
-4.500,-6.760,5.700
4.500,-6.760,5.700
4.500,-5.760,5.700
-4.500,-5.760,5.700
-4.500,-5.760,5.800
-4.500,-6.760,5.800
4.500,-6.760,5.800
4.500,-5.760,5.800
-4.500,-5.760,5.800
-4.500,-5.760,5.900
-4.500,-6.760,5.900
4.500,-6.760,5.900
4.500,-5.760,5.900
-4.500,-5.760,5.900
4.500,-5.760,5.900
4.500,-5.760,6.000
-4.500,-5.760,6.000
-4.500,-6.760,6.000
4.500,-6.760,6.000
4.500,-5.760,6.000
-4.500,-6.760,6.000
-4.500,-6.760,6.100
4.500,-6.760,6.100
4.500,-5.760,6.100
-4.500,-5.760,6.100
-4.500,-6.760,6.100
4.500,-5.760,6.100
4.500,-5.760,6.200
-4.500,-5.760,6.200
-4.500,-6.760,6.200
4.500,-6.760,6.200
4.500,-5.760,6.200
4.500,-6.760,6.200
4.500,-6.760,6.300
4.500,-5.760,6.300
-4.500,-5.760,6.300
-4.500,-6.760,6.300
4.500,-6.760,6.300
-4.500,-6.760,6.300
-4.500,-6.760,6.400
4.500,-6.760,6.400
4.500,-5.760,6.400
-4.500,-5.760,6.400
-4.500,-6.760,6.400
4.500,-5.760,6.400
4.500,-5.760,6.500
-4.500,-5.760,6.500
-4.500,-6.760,6.500
4.500,-6.760,6.500
4.500,-5.760,6.500
-4.500,-6.760,6.500
-4.500,-6.760,6.600
4.500,-6.760,6.600
4.500,-5.760,6.600
-4.500,-5.760,6.600
-4.500,-6.760,6.600
4.500,-5.760,6.600
4.500,-5.760,6.700
-4.500,-5.760,6.700
-4.500,-6.760,6.700
4.500,-6.760,6.700
4.500,-5.760,6.700
-4.500,-6.760,6.700
-4.500,-6.760,6.800
4.500,-6.760,6.800
4.500,-5.760,6.800
-4.500,-5.760,6.800
-4.500,-6.760,6.800
4.500,-6.760,6.800
4.500,-6.760,6.900
4.500,-5.760,6.900
-4.500,-5.760,6.900
-4.500,-6.760,6.900
4.500,-6.760,6.900
-4.500,-5.760,6.900
-4.500,-5.760,7.000
-4.500,-6.760,7.000
4.500,-6.760,7.000
4.500,-5.760,7.000
-4.500,-5.760,7.000
4.500,-6.760,7.000
4.500,-6.760,7.100
4.500,-5.760,7.100
-4.500,-5.760,7.100
-4.500,-6.760,7.100
4.500,-6.760,7.100
4.500,-6.760,7.200
4.500,-5.760,7.200
-4.500,-5.760,7.200
-4.500,-6.760,7.200
4.500,-6.760,7.200
-4.500,-5.760,7.200
-4.500,-5.760,7.300
-4.500,-6.760,7.300
4.500,-6.760,7.300
4.500,-5.760,7.300
-4.500,-5.760,7.300
-4.500,-6.760,7.300
-4.500,-6.760,7.400
4.500,-6.760,7.400
4.500,-5.760,7.400
-4.500,-5.760,7.400
-4.500,-6.760,7.400
4.500,-5.760,7.400
4.500,-5.760,7.500
-4.500,-5.760,7.500
-4.500,-6.760,7.500
4.500,-6.760,7.500
4.500,-5.760,7.500
-4.500,-6.760,7.500
-4.500,-6.760,7.600
4.500,-6.760,7.600
4.500,-5.760,7.600
-4.500,-5.760,7.600
-4.500,-6.760,7.600
-4.500,-6.760,7.700
4.500,-6.760,7.700
4.500,-5.760,7.700
-4.500,-5.760,7.700
-4.500,-6.760,7.700
4.500,-5.760,7.700
4.500,-5.760,7.800
-4.500,-5.760,7.800
-4.500,-6.760,7.800
4.500,-6.760,7.800
4.500,-5.760,7.800
4.500,-6.760,7.800
4.500,-6.760,7.900
4.500,-5.760,7.900
-4.500,-5.760,7.900
-4.500,-6.760,7.900
4.500,-6.760,7.900
4.500,-6.760,8.000
4.500,-5.760,8.000
-4.500,-5.760,8.000
-4.500,-6.760,8.000
4.500,-6.760,8.000
4.500,-6.760,8.100
4.500,-5.760,8.100
-4.500,-5.760,8.100
-4.500,-6.760,8.100
4.500,-6.760,8.100
-4.500,-5.760,8.100
-4.500,-5.760,8.200
-4.500,-6.760,8.200
4.500,-6.760,8.200
4.500,-5.760,8.200
-4.500,-5.760,8.200
4.500,-6.760,8.200
4.500,-6.760,8.300
4.500,-5.760,8.300
-4.500,-5.760,8.300
-4.500,-6.760,8.300
4.500,-6.760,8.300
-4.500,-5.760,8.300
-4.500,-5.760,8.400
-4.500,-6.760,8.400
4.500,-6.760,8.400
4.500,-5.760,8.400
-4.500,-5.760,8.400
-4.500,-6.760,8.400
-4.500,-6.760,8.500
4.500,-6.760,8.500
4.500,-5.760,8.500
-4.500,-5.760,8.500
-4.500,-6.760,8.500
4.500,-5.760,8.500
4.500,-5.760,8.600
-4.500,-5.760,8.600
-4.500,-6.760,8.600
4.500,-6.760,8.600
4.500,-5.760,8.600
4.500,-5.760,8.700
-4.500,-5.760,8.700
-4.500,-6.760,8.700
4.500,-6.760,8.700
4.500,-5.760,8.700
-4.500,-5.760,8.700
-4.500,-5.760,8.800
-4.500,-6.760,8.800
4.500,-6.760,8.800
4.500,-5.760,8.800
-4.500,-5.760,8.800
4.500,-6.760,8.800
4.500,-6.760,8.900
4.500,-5.760,8.900
-4.500,-5.760,8.900
-4.500,-6.760,8.900
4.500,-6.760,8.900
4.500,-5.760,8.900
4.500,-5.760,9.000
-4.500,-5.760,9.000
-4.500,-6.760,9.000
4.500,-6.760,9.000
4.500,-5.760,9.000
-4.500,-6.760,9.000
-4.500,-6.760,9.100
4.500,-6.760,9.100
4.500,-5.760,9.100
-4.500,-5.760,9.100
-4.500,-6.760,9.100
4.500,-6.760,9.100
4.500,-6.760,9.200
4.500,-5.760,9.200
-4.500,-5.760,9.200
-4.500,-6.760,9.200
4.500,-6.760,9.200
-4.500,-6.760,9.200
-4.500,-6.760,9.300
4.500,-6.760,9.300
4.500,-5.760,9.300
-4.500,-5.760,9.300
-4.500,-6.760,9.300
4.500,-5.760,9.300
4.500,-5.760,9.400
-4.500,-5.760,9.400
-4.500,-6.760,9.400
4.500,-6.760,9.400
4.500,-5.760,9.400
4.500,-6.760,9.400
4.500,-6.760,9.500
4.500,-5.760,9.500
-4.500,-5.760,9.500
-4.500,-6.760,9.500
4.500,-6.760,9.500
-4.500,-5.760,9.500
-4.500,-5.760,9.600
-4.500,-6.760,9.600
4.500,-6.760,9.600
4.500,-5.760,9.600
-4.500,-5.760,9.600
4.500,-6.760,9.600
4.500,-6.760,9.700
4.500,-5.760,9.700
-4.500,-5.760,9.700
-4.500,-6.760,9.700
4.500,-6.760,9.700
-4.500,-5.760,9.700
-4.500,-5.760,9.800
-4.500,-6.760,9.800
4.500,-6.760,9.800
4.500,-5.760,9.800
-4.500,-5.760,9.800
-4.500,-5.760,9.900
-4.500,-6.760,9.900
4.500,-6.760,9.900
4.500,-5.760,9.900
-4.500,-5.760,9.900
-4.500,-6.760,9.900
-4.500,-6.760,10.000
4.500,-6.760,10.000
4.500,-5.760,10.000
-4.500,-5.760,10.000
-4.500,-6.760,10.000
4.500,-5.760,10.000
4.500,-5.760,10.100
-4.500,-5.760,10.100
-4.500,-6.760,10.100
4.500,-6.760,10.100
4.500,-5.760,10.100
4.500,-6.760,10.100
4.500,-6.760,10.200
4.500,-5.760,10.200
-4.500,-5.760,10.200
-4.500,-6.760,10.200
4.500,-6.760,10.200
-4.500,-5.760,10.200
-4.500,-5.760,10.300
-4.500,-6.760,10.300
4.500,-6.760,10.300
4.500,-5.760,10.300
-4.500,-5.760,10.300
4.500,-5.760,10.300
4.500,-5.760,10.400
-4.500,-5.760,10.400
-4.500,-6.760,10.400
4.500,-6.760,10.400
4.500,-5.760,10.400
4.500,-6.760,10.400
4.500,-6.760,10.500
4.500,-5.760,10.500
-4.500,-5.760,10.500
-4.500,-6.760,10.500
4.500,-6.760,10.500
4.500,-5.760,10.500
4.500,-5.760,10.600
-4.500,-5.760,10.600
-4.500,-6.760,10.600
4.500,-6.760,10.600
4.500,-5.760,10.600
-4.500,-5.760,10.600
-4.500,-5.760,10.700
-4.500,-6.760,10.700
4.500,-6.760,10.700
4.500,-5.760,10.700
-4.500,-5.760,10.700
-4.500,-6.760,10.700
-4.500,-6.760,10.800
4.500,-6.760,10.800
4.500,-5.760,10.800
-4.500,-5.760,10.800
-4.500,-6.760,10.800
-4.500,-5.760,10.800
-4.500,-5.760,10.900
-4.500,-6.760,10.900
4.500,-6.760,10.900
4.500,-5.760,10.900
-4.500,-5.760,10.900
4.500,-6.760,10.900
4.500,-6.760,11.000
4.500,-5.760,11.000
-4.500,-5.760,11.000
-4.500,-6.760,11.000
4.500,-6.760,11.000
4.500,-6.760,11.100
4.500,-5.760,11.100
-4.500,-5.760,11.100
-4.500,-6.760,11.100
4.500,-6.760,11.100
4.500,-6.760,11.200
4.500,-5.760,11.200
-4.500,-5.760,11.200
-4.500,-6.760,11.200
4.500,-6.760,11.200
4.500,-5.760,11.200
4.500,-5.760,11.300
-4.500,-5.760,11.300
-4.500,-6.760,11.300
4.500,-6.760,11.300
4.500,-5.760,11.300
-4.500,-6.760,11.300
-4.500,-6.760,11.400
4.500,-6.760,11.400
4.500,-5.760,11.400
-4.500,-5.760,11.400
-4.500,-6.760,11.400
4.500,-5.760,11.400
4.500,-5.760,11.500
-4.500,-5.760,11.500
-4.500,-6.760,11.500
4.500,-6.760,11.500
4.500,-5.760,11.500
-4.500,-5.760,11.500
-4.500,-5.760,11.600
-4.500,-6.760,11.600
4.500,-6.760,11.600
4.500,-5.760,11.600
-4.500,-5.760,11.600
-4.500,-6.760,11.600
-4.500,-6.760,11.700
4.500,-6.760,11.700
4.500,-5.760,11.700
-4.500,-5.760,11.700
-4.500,-6.760,11.700
-4.500,-5.760,11.700
-4.500,-5.760,11.800
-4.500,-6.760,11.800
4.500,-6.760,11.800
4.500,-5.760,11.800
-4.500,-5.760,11.800
-4.500,-6.760,11.800
-4.500,-6.760,11.900
4.500,-6.760,11.900
4.500,-5.760,11.900
-4.500,-5.760,11.900
-4.500,-6.760,11.900
4.500,-5.760,11.900
4.500,-5.760,12.000
-4.500,-5.760,12.000
-4.500,-6.760,12.000
4.500,-6.760,12.000
4.500,-5.760,12.000
4.500,-6.760,12.000
4.500,-6.760,12.100
4.500,-5.760,12.100
-4.500,-5.760,12.100
-4.500,-6.760,12.100
4.500,-6.760,12.100
-4.500,-5.760,12.100
-4.500,-5.760,12.200
-4.500,-6.760,12.200
4.500,-6.760,12.200
4.500,-5.760,12.200
-4.500,-5.760,12.200
4.500,-6.760,12.200
4.500,-6.760,12.300
4.500,-5.760,12.300
-4.500,-5.760,12.300
-4.500,-6.760,12.300
4.500,-6.760,12.300
4.500,-5.760,12.300
4.500,-5.760,12.400
-4.500,-5.760,12.400
-4.500,-6.760,12.400
4.500,-6.760,12.400
4.500,-5.760,12.400
4.500,-6.760,12.400
4.500,-6.760,12.500
4.500,-5.760,12.500
-4.500,-5.760,12.500
-4.500,-6.760,12.500
4.500,-6.760,12.500
-4.500,-6.760,12.500
-4.500,-6.760,12.600
4.500,-6.760,12.600
4.500,-5.760,12.600
-4.500,-5.760,12.600
-4.500,-6.760,12.600
4.500,-6.760,12.600
4.500,-6.760,12.700
4.500,-5.760,12.700
-4.500,-5.760,12.700
-4.500,-6.760,12.700
4.500,-6.760,12.700
-4.500,-6.760,12.700
-4.500,-6.760,12.800
4.500,-6.760,12.800
4.500,-5.760,12.800
-4.500,-5.760,12.800
-4.500,-6.760,12.800
-4.500,-6.760,12.900
4.500,-6.760,12.900
4.500,-5.760,12.900
-4.500,-5.760,12.900
-4.500,-6.760,12.900
-4.500,-5.760,12.900
-4.500,-5.760,13.000
-4.500,-6.760,13.000
4.500,-6.760,13.000
4.500,-5.760,13.000
-4.500,-5.760,13.000
-4.500,-6.760,13.000
-4.500,-6.760,13.100
4.500,-6.760,13.100
4.500,-5.760,13.100
-4.500,-5.760,13.100
-4.500,-6.760,13.100
4.500,-5.760,13.100
4.500,-5.760,13.200
-4.500,-5.760,13.200
-4.500,-6.760,13.200
4.500,-6.760,13.200
4.500,-5.760,13.200
-4.500,-6.760,13.200
-4.500,-6.760,13.300
4.500,-6.760,13.300
4.500,-5.760,13.300
-4.500,-5.760,13.300
-4.500,-6.760,13.300
4.500,-6.760,13.300
4.500,-6.760,13.400
4.500,-5.760,13.400
-4.500,-5.760,13.400
-4.500,-6.760,13.400
4.500,-6.760,13.400
4.500,-6.760,13.500
4.500,-5.760,13.500
-4.500,-5.760,13.500
-4.500,-6.760,13.500
4.500,-6.760,13.500
4.500,-5.760,13.500
4.500,-5.760,13.600
-4.500,-5.760,13.600
-4.500,-6.760,13.600
4.500,-6.760,13.600
4.500,-5.760,13.600
-4.500,-5.760,13.600
-4.500,-5.760,13.700
-4.500,-6.760,13.700
4.500,-6.760,13.700
4.500,-5.760,13.700
-4.500,-5.760,13.700
4.500,-5.760,13.700
4.500,-5.760,13.800
-4.500,-5.760,13.800
-4.500,-6.760,13.800
4.500,-6.760,13.800
4.500,-5.760,13.800
-4.500,-6.760,13.800
-4.500,-6.760,13.900
4.500,-6.760,13.900
4.500,-5.760,13.900
-4.500,-5.760,13.900
-4.500,-6.760,13.900
-4.500,-5.760,13.900
-4.500,-5.760,14.000
-4.500,-6.760,14.000
4.500,-6.760,14.000
4.500,-5.760,14.000
-4.500,-5.760,14.000
4.500,-5.760,14.000
4.500,-5.760,14.100
-4.500,-5.760,14.100
-4.500,-6.760,14.100
4.500,-6.760,14.100
4.500,-5.760,14.100
-4.500,-5.760,14.100
-4.500,-5.760,14.200
-4.500,-6.760,14.200
4.500,-6.760,14.200
4.500,-5.760,14.200
-4.500,-5.760,14.200
4.500,-6.760,14.200
4.500,-6.760,14.300
4.500,-5.760,14.300
-4.500,-5.760,14.300
-4.500,-6.760,14.300
4.500,-6.760,14.300
-4.500,-5.760,14.300
-4.500,-5.760,14.400
-4.500,-6.760,14.400
4.500,-6.760,14.400
4.500,-5.760,14.400
-4.500,-5.760,14.400
-4.500,-5.760,14.500
-4.500,-6.760,14.500
4.500,-6.760,14.500
4.500,-5.760,14.500
-4.500,-5.760,14.500
-4.500,-6.760,14.500
-4.500,-6.760,14.600
4.500,-6.760,14.600
4.500,-5.760,14.600
-4.500,-5.760,14.600
-4.500,-6.760,14.600
-4.500,-5.760,14.600
-4.500,-5.760,14.700
-4.500,-6.760,14.700
4.500,-6.760,14.700
4.500,-5.760,14.700
-4.500,-5.760,14.700
4.500,-5.760,14.700
4.500,-5.760,14.800
-4.500,-5.760,14.800
-4.500,-6.760,14.800
4.500,-6.760,14.800
4.500,-5.760,14.800
-4.500,-6.760,14.800
-4.500,-6.760,14.900
4.500,-6.760,14.900
4.500,-5.760,14.900
-4.500,-5.760,14.900
-4.500,-6.760,14.900
-4.500,-5.760,14.900
-4.500,-5.760,15.000
-4.500,-6.760,15.000
4.500,-6.760,15.000
4.500,-5.760,15.000
-4.500,-5.760,15.000
-4.465,-5.760,15.000
-4.465,-5.760,15.100
-4.465,-6.760,15.100
4.465,-6.760,15.100
4.465,-5.760,15.100
-4.465,-5.760,15.100
4.394,-5.760,15.100
4.394,-5.760,15.200
-4.394,-5.760,15.200
-4.394,-6.760,15.200
4.394,-6.760,15.200
4.394,-5.760,15.200
4.323,-6.760,15.200
4.323,-6.760,15.300
4.323,-5.760,15.300
-4.323,-5.760,15.300
-4.323,-6.760,15.300
4.323,-6.760,15.300
-4.252,-5.760,15.300
-4.252,-5.760,15.400
-4.252,-6.760,15.400
4.252,-6.760,15.400
4.252,-5.760,15.400
-4.252,-5.760,15.400
4.181,-5.760,15.400
4.181,-5.760,15.500
-4.181,-5.760,15.500
-4.181,-6.760,15.500
4.181,-6.760,15.500
4.181,-5.760,15.500
4.110,-5.760,15.500
4.110,-5.760,15.600
-4.110,-5.760,15.600
-4.110,-6.760,15.600
4.110,-6.760,15.600
4.110,-5.760,15.600
-4.039,-5.760,15.600
-4.039,-5.760,15.700
-4.039,-6.760,15.700
4.039,-6.760,15.700
4.039,-5.760,15.700
-4.039,-5.760,15.700
3.968,-6.760,15.700
3.968,-6.760,15.800
3.968,-5.760,15.800
-3.968,-5.760,15.800
-3.968,-6.760,15.800
3.968,-6.760,15.800
3.897,-5.760,15.800
3.897,-5.760,15.900
-3.897,-5.760,15.900
-3.897,-6.760,15.900
3.897,-6.760,15.900
3.897,-5.760,15.900
-3.826,-5.760,15.900
-3.826,-5.760,16.000
-3.826,-6.760,16.000
3.826,-6.760,16.000
3.826,-5.760,16.000
-3.826,-5.760,16.000
-3.755,-5.760,16.000
-3.755,-5.760,16.100
-3.755,-6.760,16.100
3.755,-6.760,16.100
3.755,-5.760,16.100
-3.755,-5.760,16.100
-3.684,-5.760,16.100
-3.684,-5.760,16.200
-3.684,-6.760,16.200
3.684,-6.760,16.200
3.684,-5.760,16.200
-3.684,-5.760,16.200
3.613,-6.760,16.200
3.613,-6.760,16.300
3.613,-5.760,16.300
-3.613,-5.760,16.300
-3.613,-6.760,16.300
3.613,-6.760,16.300
3.542,-5.760,16.300
3.542,-5.760,16.400
-3.542,-5.760,16.400
-3.542,-6.760,16.400
3.542,-6.760,16.400
3.542,-5.760,16.400
-3.471,-5.760,16.400
-3.471,-5.760,16.500
-3.471,-6.760,16.500
3.471,-6.760,16.500
3.471,-5.760,16.500
-3.471,-5.760,16.500
-3.413,-6.760,16.500
-3.413,-6.760,16.600
3.413,-6.760,16.600
3.413,-5.760,16.600
-3.413,-5.760,16.600
-3.413,-6.760,16.600
-3.358,-6.760,16.600
-3.358,-6.760,16.700
3.358,-6.760,16.700
3.358,-5.760,16.700
-3.358,-5.760,16.700
-3.358,-6.760,16.700
-3.302,-5.760,16.700
-3.302,-5.760,16.800
-3.302,-6.760,16.800
3.302,-6.760,16.800
3.302,-5.760,16.800
-3.302,-5.760,16.800
3.247,-6.760,16.800
3.247,-6.760,16.900
3.247,-5.760,16.900
-3.247,-5.760,16.900
-3.247,-6.760,16.900
3.247,-6.760,16.900
3.192,-6.760,16.900
3.192,-6.760,17.000
3.192,-5.760,17.000
-3.192,-5.760,17.000
-3.192,-6.760,17.000
3.192,-6.760,17.000
3.137,-6.760,17.000
3.137,-6.760,17.100
3.137,-5.760,17.100
-3.137,-5.760,17.100
-3.137,-6.760,17.100
3.137,-6.760,17.100
-3.081,-5.760,17.100
-3.081,-5.760,17.200
-3.081,-6.760,17.200
3.081,-6.760,17.200
3.081,-5.760,17.200
-3.081,-5.760,17.200
3.026,-5.760,17.200
3.026,-5.760,17.300
-3.026,-5.760,17.300
-3.026,-6.760,17.300
3.026,-6.760,17.300
3.026,-5.760,17.300
-2.971,-5.760,17.300
-2.971,-5.760,17.400
-2.971,-6.760,17.400
2.971,-6.760,17.400
2.971,-5.760,17.400
-2.971,-5.760,17.400
2.915,-5.760,17.400
2.915,-5.760,17.500
-2.915,-5.760,17.500
-2.915,-6.760,17.500
2.915,-6.760,17.500
2.915,-5.760,17.500
-2.860,-6.760,17.500
-2.860,-6.760,17.600
2.860,-6.760,17.600
2.860,-5.760,17.600
-2.860,-5.760,17.600
-2.860,-6.760,17.600
-2.805,-6.760,17.600
-2.805,-6.760,17.700
2.805,-6.760,17.700
2.805,-5.760,17.700
-2.805,-5.760,17.700
-2.805,-6.760,17.700
2.750,-5.760,17.700
2.750,-5.760,17.800
-2.750,-5.760,17.800
-2.750,-6.760,17.800
2.750,-6.760,17.800
2.750,-5.760,17.800
-2.694,-6.760,17.800
-2.694,-6.760,17.900
2.694,-6.760,17.900
2.694,-5.760,17.900
-2.694,-5.760,17.900
-2.694,-6.760,17.900
-2.639,-5.760,17.900
-2.639,-5.760,18.000
-2.639,-6.760,18.000
2.639,-6.760,18.000
2.639,-5.760,18.000
-2.639,-5.760,18.000
-2.585,-6.760,18.000
-2.585,-6.760,18.100
2.585,-6.760,18.100
2.585,-5.760,18.100
-2.585,-5.760,18.100
-2.585,-6.760,18.100
-2.544,-6.760,18.100
-2.544,-6.760,18.200
2.544,-6.760,18.200
2.544,-5.760,18.200
-2.544,-5.760,18.200
-2.544,-6.760,18.200
2.502,-6.760,18.200
2.502,-6.760,18.300
2.502,-5.760,18.300
-2.502,-5.760,18.300
-2.502,-6.760,18.300
2.502,-6.760,18.300
2.461,-6.760,18.300
2.461,-6.760,18.400
2.461,-5.760,18.400
-2.461,-5.760,18.400
-2.461,-6.760,18.400
2.461,-6.760,18.400
2.419,-5.760,18.400
2.419,-5.760,18.500
-2.419,-5.760,18.500
-2.419,-6.760,18.500
2.419,-6.760,18.500
2.419,-5.760,18.500
-2.378,-6.760,18.500
-2.378,-6.760,18.600
2.378,-6.760,18.600
2.378,-5.760,18.600
-2.378,-5.760,18.600
-2.378,-6.760,18.600
-2.336,-5.760,18.600
-2.336,-5.760,18.700
-2.336,-6.760,18.700
2.336,-6.760,18.700
2.336,-5.760,18.700
-2.336,-5.760,18.700
-2.295,-5.760,18.700
-2.295,-5.760,18.800
-2.295,-6.760,18.800
2.295,-6.760,18.800
2.295,-5.760,18.800
-2.295,-5.760,18.800
-2.254,-6.760,18.800
-2.254,-6.760,18.900
2.254,-6.760,18.900
2.254,-5.760,18.900
-2.254,-5.760,18.900
-2.254,-6.760,18.900
-2.212,-6.760,18.900
-2.212,-6.760,19.000
2.212,-6.760,19.000
2.212,-5.760,19.000
-2.212,-5.760,19.000
-2.212,-6.760,19.000
-2.171,-5.760,19.000
-2.171,-5.760,19.100
-2.171,-6.760,19.100
2.171,-6.760,19.100
2.171,-5.760,19.100
-2.171,-5.760,19.100
2.129,-6.760,19.100
2.129,-6.760,19.200
2.129,-5.760,19.200
-2.129,-5.760,19.200
-2.129,-6.760,19.200
2.129,-6.760,19.200
-2.088,-5.760,19.200
-2.088,-5.760,19.300
-2.088,-6.760,19.300
2.088,-6.760,19.300
2.088,-5.760,19.300
-2.088,-5.760,19.300
-2.046,-6.760,19.300
-2.046,-6.760,19.400
2.046,-6.760,19.400
2.046,-5.760,19.400
-2.046,-5.760,19.400
-2.046,-6.760,19.400
2.005,-5.760,19.400
2.005,-5.760,19.500
-2.005,-5.760,19.500
-2.005,-6.760,19.500
2.005,-6.760,19.500
2.005,-5.760,19.500
-1.963,-6.760,19.500
-1.963,-6.760,19.600
1.963,-6.760,19.600
1.963,-5.760,19.600
-1.963,-5.760,19.600
-1.963,-6.760,19.600
1.922,-6.760,19.600
1.922,-6.760,19.700
1.922,-5.760,19.700
-1.922,-5.760,19.700
-1.922,-6.760,19.700
1.922,-6.760,19.700
-1.887,-6.760,19.700
-1.887,-6.760,19.800
1.887,-6.760,19.800
1.887,-5.760,19.800
-1.887,-5.760,19.800
-1.887,-6.760,19.800
-1.858,-5.760,19.800
-1.858,-5.760,19.900
-1.858,-6.760,19.900
1.858,-6.760,19.900
1.858,-5.760,19.900
-1.858,-5.760,19.900
-1.829,-5.760,19.900
-1.829,-5.760,20.000
-1.829,-6.760,20.000
1.829,-6.760,20.000
1.829,-5.760,20.000
-1.829,-5.760,20.000
-1.800,-6.760,20.000
-1.800,-6.760,20.100
1.800,-6.760,20.100
1.800,-5.760,20.100
-1.800,-5.760,20.100
-1.800,-6.760,20.100
1.771,-5.760,20.100
1.771,-5.760,20.200
-1.771,-5.760,20.200
-1.771,-6.760,20.200
1.771,-6.760,20.200
1.771,-5.760,20.200
-1.743,-5.760,20.200
-1.743,-5.760,20.300
-1.743,-6.760,20.300
1.743,-6.760,20.300
1.743,-5.760,20.300
-1.743,-5.760,20.300
1.714,-5.760,20.300
1.714,-5.760,20.400
-1.714,-5.760,20.400
-1.714,-6.760,20.400
1.714,-6.760,20.400
1.714,-5.760,20.400
1.685,-6.760,20.400
1.685,-6.760,20.500
1.685,-5.760,20.500
-1.685,-5.760,20.500
-1.685,-6.760,20.500
1.685,-6.760,20.500
1.656,-6.760,20.500
1.656,-6.760,20.600
1.656,-5.760,20.600
-1.656,-5.760,20.600
-1.656,-6.760,20.600
1.656,-6.760,20.600
-1.627,-5.760,20.600
-1.627,-5.760,20.700
-1.627,-6.760,20.700
1.627,-6.760,20.700
1.627,-5.760,20.700
-1.627,-5.760,20.700
1.598,-5.760,20.700
1.598,-5.760,20.800
-1.598,-5.760,20.800
-1.598,-6.760,20.800
1.598,-6.760,20.800
1.598,-5.760,20.800
1.570,-5.760,20.800
1.570,-5.760,20.900
-1.570,-5.760,20.900
-1.570,-6.760,20.900
1.570,-6.760,20.900
1.570,-5.760,20.900
-1.541,-5.760,20.900
-1.541,-5.760,21.000
-1.541,-6.760,21.000
1.541,-6.760,21.000
1.541,-5.760,21.000
-1.541,-5.760,21.000
1.512,-5.760,21.000
1.512,-5.760,21.100
-1.512,-5.760,21.100
-1.512,-6.760,21.100
1.512,-6.760,21.100
1.512,-5.760,21.100
-1.483,-5.760,21.100
-1.483,-5.760,21.200
-1.483,-6.760,21.200
1.483,-6.760,21.200
1.483,-5.760,21.200
-1.483,-5.760,21.200
1.454,-6.760,21.200
1.454,-6.760,21.300
1.454,-5.760,21.300
-1.454,-5.760,21.300
-1.454,-6.760,21.300
1.454,-6.760,21.300
-1.426,-6.760,21.300
-1.426,-6.760,21.400
1.426,-6.760,21.400
1.426,-5.760,21.400
-1.426,-5.760,21.400
-1.426,-6.760,21.400
-1.399,-6.760,21.400
-1.399,-6.760,21.500
1.399,-6.760,21.500
1.399,-5.760,21.500
-1.399,-5.760,21.500
-1.399,-6.760,21.500
1.382,-5.760,21.500
1.382,-5.760,21.600
-1.382,-5.760,21.600
-1.382,-6.760,21.600
1.382,-6.760,21.600
1.382,-5.760,21.600
1.365,-5.760,21.600
1.365,-5.760,21.700
-1.365,-5.760,21.700
-1.365,-6.760,21.700
1.365,-6.760,21.700
1.365,-5.760,21.700
-1.348,-6.760,21.700
-1.348,-6.760,21.800
1.348,-6.760,21.800
1.348,-5.760,21.800
-1.348,-5.760,21.800
-1.348,-6.760,21.800
-1.331,-6.760,21.800
-1.331,-6.760,21.900
1.331,-6.760,21.900
1.331,-5.760,21.900
-1.331,-5.760,21.900
-1.331,-6.760,21.900
-1.314,-5.760,21.900
-1.314,-5.760,22.000
-1.314,-6.760,22.000
1.314,-6.760,22.000
1.314,-5.760,22.000
-1.314,-5.760,22.000
1.297,-5.760,22.000
1.297,-5.760,22.100
-1.297,-5.760,22.100
-1.297,-6.760,22.100
1.297,-6.760,22.100
1.297,-5.760,22.100
1.280,-6.760,22.100
1.280,-6.760,22.200
1.280,-5.760,22.200
-1.280,-5.760,22.200
-1.280,-6.760,22.200
1.280,-6.760,22.200
-1.263,-6.760,22.200
-1.263,-6.760,22.300
1.263,-6.760,22.300
1.263,-5.760,22.300
-1.263,-5.760,22.300
-1.263,-6.760,22.300
-1.246,-6.760,22.300
-1.246,-6.760,22.400
1.246,-6.760,22.400
1.246,-5.760,22.400
-1.246,-5.760,22.400
-1.246,-6.760,22.400
1.229,-5.760,22.400
1.229,-5.760,22.500
-1.229,-5.760,22.500
-1.229,-6.760,22.500
1.229,-6.760,22.500
1.229,-5.760,22.500
-1.212,-5.760,22.500
-1.212,-5.760,22.600
-1.212,-6.760,22.600
1.212,-6.760,22.600
1.212,-5.760,22.600
-1.212,-5.760,22.600
-1.195,-6.760,22.600
-1.195,-6.760,22.700
1.195,-6.760,22.700
1.195,-5.760,22.700
-1.195,-5.760,22.700
-1.195,-6.760,22.700
-1.178,-6.760,22.700
-1.178,-6.760,22.800
1.178,-6.760,22.800
1.178,-5.760,22.800
-1.178,-5.760,22.800
-1.178,-6.760,22.800
-1.161,-6.760,22.800
-1.161,-6.760,22.900
1.161,-6.760,22.900
1.161,-5.760,22.900
-1.161,-5.760,22.900
-1.161,-6.760,22.900
-1.144,-5.760,22.900
-1.144,-5.760,23.000
-1.144,-6.760,23.000
1.144,-6.760,23.000
1.144,-5.760,23.000
-1.144,-5.760,23.000
1.127,-5.760,23.000
1.127,-5.760,23.100
-1.127,-5.760,23.100
-1.127,-6.760,23.100
1.127,-6.760,23.100
1.127,-5.760,23.100
1.110,-5.760,23.100
1.110,-5.760,23.200
-1.110,-5.760,23.200
-1.110,-6.760,23.200
1.110,-6.760,23.200
1.110,-5.760,23.200
1.098,-5.760,23.200
1.098,-5.760,23.300
-1.098,-5.760,23.300
-1.098,-6.760,23.300
1.098,-6.760,23.300
1.098,-5.760,23.300
1.093,-6.760,23.300
1.093,-6.760,23.400
1.093,-5.760,23.400
-1.093,-5.760,23.400
-1.093,-6.760,23.400
1.093,-6.760,23.400
-1.087,-6.760,23.400
-1.087,-6.760,23.500
1.087,-6.760,23.500
1.087,-5.760,23.500
-1.087,-5.760,23.500
-1.087,-6.760,23.500
-1.081,-5.760,23.500
-1.081,-5.760,23.600
-1.081,-6.760,23.600
1.081,-6.760,23.600
1.081,-5.760,23.600
-1.081,-5.760,23.600
1.076,-6.760,23.600
1.076,-6.760,23.700
1.076,-5.760,23.700
-1.076,-5.760,23.700
-1.076,-6.760,23.700
1.076,-6.760,23.700
1.070,-6.760,23.700
1.070,-6.760,23.800
1.070,-5.760,23.800
-1.070,-5.760,23.800
-1.070,-6.760,23.800
1.070,-6.760,23.800
-1.065,-6.760,23.800
-1.065,-6.760,23.900
1.065,-6.760,23.900
1.065,-5.760,23.900
-1.065,-5.760,23.900
-1.065,-6.760,23.900
-1.059,-5.760,23.900
-1.059,-5.760,24.000
-1.059,-6.760,24.000
1.059,-6.760,24.000
1.059,-5.760,24.000
-1.059,-5.760,24.000
-1.053,-6.760,24.000
-1.053,-6.760,24.100
1.053,-6.760,24.100
1.053,-5.760,24.100
-1.053,-5.760,24.100
-1.053,-6.760,24.100
1.048,-6.760,24.100
1.048,-6.760,24.200
1.048,-5.760,24.200
-1.048,-5.760,24.200
-1.048,-6.760,24.200
1.048,-6.760,24.200
-1.042,-6.760,24.200
-1.042,-6.760,24.300
1.042,-6.760,24.300
1.042,-5.760,24.300
-1.042,-5.760,24.300
-1.042,-6.760,24.300
1.037,-6.760,24.300
1.037,-6.760,24.400
1.037,-5.760,24.400
-1.037,-5.760,24.400
-1.037,-6.760,24.400
1.037,-6.760,24.400
1.031,-5.760,24.400
1.031,-5.760,24.500
-1.031,-5.760,24.500
-1.031,-6.760,24.500
1.031,-6.760,24.500
1.031,-5.760,24.500
1.025,-5.760,24.500
1.025,-5.760,24.600
-1.025,-5.760,24.600
-1.025,-6.760,24.600
1.025,-6.760,24.600
1.025,-5.760,24.600
-1.020,-6.760,24.600
-1.020,-6.760,24.700
1.020,-6.760,24.700
1.020,-5.760,24.700
-1.020,-5.760,24.700
-1.020,-6.760,24.700
1.014,-5.760,24.700
1.014,-5.760,24.800
-1.014,-5.760,24.800
-1.014,-6.760,24.800
1.014,-6.760,24.800
1.014,-5.760,24.800
-1.008,-5.760,24.800
-1.008,-5.760,24.900
-1.008,-6.760,24.900
1.008,-6.760,24.900
1.008,-5.760,24.900
-1.008,-5.760,24.900
-1.003,-5.760,24.900
-1.003,-5.760,25.000
-1.003,-6.760,25.000
1.003,-6.760,25.000
1.003,-5.760,25.000
-1.003,-5.760,25.000
1.000,-5.760,25.000
1.000,-5.760,25.100
-1.000,-5.760,25.100
-1.000,-6.760,25.100
1.000,-6.760,25.100
1.000,-5.760,25.100
1.000,-5.760,25.200
-1.000,-5.760,25.200
-1.000,-6.760,25.200
1.000,-6.760,25.200
1.000,-5.760,25.200
-1.000,-6.760,25.200
-1.000,-6.760,25.300
1.000,-6.760,25.300
1.000,-5.760,25.300
-1.000,-5.760,25.300
-1.000,-6.760,25.300
1.000,-6.760,25.300
1.000,-6.760,25.400
1.000,-5.760,25.400
-1.000,-5.760,25.400
-1.000,-6.760,25.400
1.000,-6.760,25.400
1.000,-6.760,25.500
1.000,-5.760,25.500
-1.000,-5.760,25.500
-1.000,-6.760,25.500
1.000,-6.760,25.500
1.000,-5.760,25.500
1.000,-5.760,25.600
-1.000,-5.760,25.600
-1.000,-6.760,25.600
1.000,-6.760,25.600
1.000,-5.760,25.600
1.000,-5.760,25.700
-1.000,-5.760,25.700
-1.000,-6.760,25.700
1.000,-6.760,25.700
1.000,-5.760,25.700
1.000,-6.760,25.700
1.000,-6.760,25.800
1.000,-5.760,25.800
-1.000,-5.760,25.800
-1.000,-6.760,25.800
1.000,-6.760,25.800
1.000,-6.760,25.900
1.000,-5.760,25.900
-1.000,-5.760,25.900
-1.000,-6.760,25.900
1.000,-6.760,25.900
-1.000,-5.760,25.900
-1.000,-5.760,26.000
-1.000,-6.760,26.000
1.000,-6.760,26.000
1.000,-5.760,26.000
-1.000,-5.760,26.000
-1.000,-5.760,26.100
-1.000,-6.760,26.100
1.000,-6.760,26.100
1.000,-5.760,26.100
-1.000,-5.760,26.100
-1.000,-6.760,26.100
-1.000,-6.760,26.200
1.000,-6.760,26.200
1.000,-5.760,26.200
-1.000,-5.760,26.200
-1.000,-6.760,26.200
1.000,-6.760,26.200
1.000,-6.760,26.300
1.000,-5.760,26.300
-1.000,-5.760,26.300
-1.000,-6.760,26.300
1.000,-6.760,26.300
1.000,-5.760,26.300
1.000,-5.760,26.400
-1.000,-5.760,26.400
-1.000,-6.760,26.400
1.000,-6.760,26.400
1.000,-5.760,26.400
1.000,-6.760,26.400
1.000,-6.760,26.500
1.000,-5.760,26.500
-1.000,-5.760,26.500
-1.000,-6.760,26.500
1.000,-6.760,26.500
1.000,-5.760,26.500
1.000,-5.760,26.600
-1.000,-5.760,26.600
-1.000,-6.760,26.600
1.000,-6.760,26.600
1.000,-5.760,26.600
1.000,-5.760,26.700
-1.000,-5.760,26.700
-1.000,-6.760,26.700
1.000,-6.760,26.700
1.000,-5.760,26.700
1.000,-5.760,26.800
-1.000,-5.760,26.800
-1.000,-6.760,26.800
1.000,-6.760,26.800
1.000,-5.760,26.800
1.000,-6.760,26.800
1.000,-6.760,26.900
1.000,-5.760,26.900
-1.000,-5.760,26.900
-1.000,-6.760,26.900
1.000,-6.760,26.900
-1.000,-6.760,26.900
-1.000,-6.760,27.000
1.000,-6.760,27.000
1.000,-5.760,27.000
-1.000,-5.760,27.000
-1.000,-6.760,27.000
1.000,-5.760,27.000
1.000,-5.760,27.100
-1.000,-5.760,27.100
-1.000,-6.760,27.100
1.000,-6.760,27.100
1.000,-5.760,27.100
1.000,-5.760,27.200
-1.000,-5.760,27.200
-1.000,-6.760,27.200
1.000,-6.760,27.200
1.000,-5.760,27.200
1.000,-5.760,27.300
-1.000,-5.760,27.300
-1.000,-6.760,27.300
1.000,-6.760,27.300
1.000,-5.760,27.300
1.000,-5.760,27.400
-1.000,-5.760,27.400
-1.000,-6.760,27.400
1.000,-6.760,27.400
1.000,-5.760,27.400
1.000,-5.760,27.500
-1.000,-5.760,27.500
-1.000,-6.760,27.500
1.000,-6.760,27.500
1.000,-5.760,27.500
-1.000,-6.760,27.500
-1.000,-6.760,27.600
1.000,-6.760,27.600
1.000,-5.760,27.600
-1.000,-5.760,27.600
-1.000,-6.760,27.600
-1.000,-5.760,27.600
-1.000,-5.760,27.700
-1.000,-6.760,27.700
1.000,-6.760,27.700
1.000,-5.760,27.700
-1.000,-5.760,27.700
1.000,-5.760,27.700
1.000,-5.760,27.800
-1.000,-5.760,27.800
-1.000,-6.760,27.800
1.000,-6.760,27.800
1.000,-5.760,27.800
-1.000,-5.760,27.800
-1.000,-5.760,27.900
-1.000,-6.760,27.900
1.000,-6.760,27.900
1.000,-5.760,27.900
-1.000,-5.760,27.900
-1.000,-5.760,28.000
-1.000,-6.760,28.000
1.000,-6.760,28.000
1.000,-5.760,28.000
-1.000,-5.760,28.000
1.000,-6.760,28.000
1.000,-6.760,28.100
1.000,-5.760,28.100
-1.000,-5.760,28.100
-1.000,-6.760,28.100
1.000,-6.760,28.100
-1.000,-5.760,28.100
-1.000,-5.760,28.200
-1.000,-6.760,28.200
1.000,-6.760,28.200
1.000,-5.760,28.200
-1.000,-5.760,28.200
-1.000,-6.760,28.200
-1.000,-6.760,28.300
1.000,-6.760,28.300
1.000,-5.760,28.300
-1.000,-5.760,28.300
-1.000,-6.760,28.300
1.000,-5.760,28.300
1.000,-5.760,28.400
-1.000,-5.760,28.400
-1.000,-6.760,28.400
1.000,-6.760,28.400
1.000,-5.760,28.400
1.000,-5.760,28.500
-1.000,-5.760,28.500
-1.000,-6.760,28.500
1.000,-6.760,28.500
1.000,-5.760,28.500
-1.000,-5.760,28.500
-1.000,-5.760,28.600
-1.000,-6.760,28.600
1.000,-6.760,28.600
1.000,-5.760,28.600
-1.000,-5.760,28.600
-1.000,-5.760,28.700
-1.000,-6.760,28.700
1.000,-6.760,28.700
1.000,-5.760,28.700
-1.000,-5.760,28.700
-1.000,-5.760,28.800
-1.000,-6.760,28.800
1.000,-6.760,28.800
1.000,-5.760,28.800
-1.000,-5.760,28.800
1.000,-5.760,28.800
1.000,-5.760,28.900
-1.000,-5.760,28.900
-1.000,-6.760,28.900
1.000,-6.760,28.900
1.000,-5.760,28.900
1.000,-6.760,28.900
1.000,-6.760,29.000
1.000,-5.760,29.000
-1.000,-5.760,29.000
-1.000,-6.760,29.000
1.000,-6.760,29.000
-1.000,-6.760,29.000
-1.000,-6.760,29.100
1.000,-6.760,29.100
1.000,-5.760,29.100
-1.000,-5.760,29.100
-1.000,-6.760,29.100
-1.000,-6.760,29.200
1.000,-6.760,29.200
1.000,-5.760,29.200
-1.000,-5.760,29.200
-1.000,-6.760,29.200
1.000,-5.760,29.200
1.000,-5.760,29.300
-1.000,-5.760,29.300
-1.000,-6.760,29.300
1.000,-6.760,29.300
1.000,-5.760,29.300
-1.000,-5.760,29.300
-1.000,-5.760,29.400
-1.000,-6.760,29.400
1.000,-6.760,29.400
1.000,-5.760,29.400
-1.000,-5.760,29.400
1.000,-6.760,29.400
1.000,-6.760,29.500
1.000,-5.760,29.500
-1.000,-5.760,29.500
-1.000,-6.760,29.500
1.000,-6.760,29.500
1.000,-6.760,29.600
1.000,-5.760,29.600
-1.000,-5.760,29.600
-1.000,-6.760,29.600
1.000,-6.760,29.600
1.000,-6.760,29.700
1.000,-5.760,29.700
-1.000,-5.760,29.700
-1.000,-6.760,29.700
1.000,-6.760,29.700
1.000,-5.760,29.700
1.000,-5.760,29.800
-1.000,-5.760,29.800
-1.000,-6.760,29.800
1.000,-6.760,29.800
1.000,-5.760,29.800
-1.000,-6.760,29.800
-1.000,-6.760,29.900
1.000,-6.760,29.900
1.000,-5.760,29.900
-1.000,-5.760,29.900
-1.000,-6.760,29.900
-1.000,-6.760,30.000
1.000,-6.760,30.000
1.000,-5.760,30.000
-1.000,-5.760,30.000
-1.000,-6.760,30.000
1.000,-6.760,30.000
1.000,-6.760,30.100
1.000,-5.760,30.100
-1.000,-5.760,30.100
-1.000,-6.760,30.100
1.000,-6.760,30.100
1.000,-6.760,30.200
1.000,-5.760,30.200
-1.000,-5.760,30.200
-1.000,-6.760,30.200
1.000,-6.760,30.200
-1.000,-5.760,30.200
-1.000,-5.760,30.300
-1.000,-6.760,30.300
1.000,-6.760,30.300
1.000,-5.760,30.300
-1.000,-5.760,30.300
-1.000,-6.760,30.300
-1.000,-6.760,30.400
1.000,-6.760,30.400
1.000,-5.760,30.400
-1.000,-5.760,30.400
-1.000,-6.760,30.400
-1.000,-6.760,30.500
1.000,-6.760,30.500
1.000,-5.760,30.500
-1.000,-5.760,30.500
-1.000,-6.760,30.500
1.000,-6.760,30.500
1.000,-6.760,30.600
1.000,-5.760,30.600
-1.000,-5.760,30.600
-1.000,-6.760,30.600
1.000,-6.760,30.600
-1.000,-6.760,30.600
-1.000,-6.760,30.700
1.000,-6.760,30.700
1.000,-5.760,30.700
-1.000,-5.760,30.700
-1.000,-6.760,30.700
-1.000,-5.760,30.700
-1.000,-5.760,30.800
-1.000,-6.760,30.800
1.000,-6.760,30.800
1.000,-5.760,30.800
-1.000,-5.760,30.800
-1.000,-6.760,30.800
-1.000,-6.760,30.900
1.000,-6.760,30.900
1.000,-5.760,30.900
-1.000,-5.760,30.900
-1.000,-6.760,30.900
-1.000,-6.760,31.000
1.000,-6.760,31.000
1.000,-5.760,31.000
-1.000,-5.760,31.000
-1.000,-6.760,31.000
-1.000,-5.760,31.000
-1.000,-5.760,31.100
-1.000,-6.760,31.100
1.000,-6.760,31.100
1.000,-5.760,31.100
-1.000,-5.760,31.100
-1.000,-5.760,31.200
-1.000,-6.760,31.200
1.000,-6.760,31.200
1.000,-5.760,31.200
-1.000,-5.760,31.200
1.000,-5.760,31.200
1.000,-5.760,31.300
-1.000,-5.760,31.300
-1.000,-6.760,31.300
1.000,-6.760,31.300
1.000,-5.760,31.300
1.000,-5.760,31.400
-1.000,-5.760,31.400
-1.000,-6.760,31.400
1.000,-6.760,31.400
1.000,-5.760,31.400
-1.000,-5.760,31.400
-1.000,-5.760,31.500
-1.000,-6.760,31.500
1.000,-6.760,31.500
1.000,-5.760,31.500
-1.000,-5.760,31.500
1.000,-6.760,31.500
1.000,-6.760,31.600
1.000,-5.760,31.600
-1.000,-5.760,31.600
-1.000,-6.760,31.600
1.000,-6.760,31.600
-1.000,-6.760,31.600
-1.000,-6.760,31.700
1.000,-6.760,31.700
1.000,-5.760,31.700
-1.000,-5.760,31.700
-1.000,-6.760,31.700
-1.000,-5.760,31.700
-1.000,-5.760,31.800
-1.000,-6.760,31.800
1.000,-6.760,31.800
1.000,-5.760,31.800
-1.000,-5.760,31.800
-1.000,-6.760,31.800
-1.000,-6.760,31.900
1.000,-6.760,31.900
1.000,-5.760,31.900
-1.000,-5.760,31.900
-1.000,-6.760,31.900
1.000,-6.760,31.900
1.000,-6.760,32.000
1.000,-5.760,32.000
-1.000,-5.760,32.000
-1.000,-6.760,32.000
1.000,-6.760,32.000
-1.000,-5.760,32.000
-1.000,-5.760,32.100
-1.000,-6.760,32.100
1.000,-6.760,32.100
1.000,-5.760,32.100
-1.000,-5.760,32.100
-1.000,-5.760,32.200
-1.000,-6.760,32.200
1.000,-6.760,32.200
1.000,-5.760,32.200
-1.000,-5.760,32.200
1.000,-5.760,32.200
1.000,-5.760,32.300
-1.000,-5.760,32.300
-1.000,-6.760,32.300
1.000,-6.760,32.300
1.000,-5.760,32.300
-1.000,-6.760,32.300
-1.000,-6.760,32.400
1.000,-6.760,32.400
1.000,-5.760,32.400
-1.000,-5.760,32.400
-1.000,-6.760,32.400
1.000,-5.760,32.400
1.000,-5.760,32.500
-1.000,-5.760,32.500
-1.000,-6.760,32.500
1.000,-6.760,32.500
1.000,-5.760,32.500
1.000,-6.760,32.500
1.000,-6.760,32.600
1.000,-5.760,32.600
-1.000,-5.760,32.600
-1.000,-6.760,32.600
1.000,-6.760,32.600
1.000,-6.760,32.700
1.000,-5.760,32.700
-1.000,-5.760,32.700
-1.000,-6.760,32.700
1.000,-6.760,32.700
1.000,-5.760,32.700
1.000,-5.760,32.800
-1.000,-5.760,32.800
-1.000,-6.760,32.800
1.000,-6.760,32.800
1.000,-5.760,32.800
-1.000,-6.760,32.800
-1.000,-6.760,32.900
1.000,-6.760,32.900
1.000,-5.760,32.900
-1.000,-5.760,32.900
-1.000,-6.760,32.900
-1.000,-5.760,32.900
-1.000,-5.760,33.000
-1.000,-6.760,33.000
1.000,-6.760,33.000
1.000,-5.760,33.000
-1.000,-5.760,33.000
-1.000,-5.760,33.100
-1.000,-6.760,33.100
1.000,-6.760,33.100
1.000,-5.760,33.100
-1.000,-5.760,33.100
-1.000,-6.760,33.100
-1.000,-6.760,33.200
1.000,-6.760,33.200
1.000,-5.760,33.200
-1.000,-5.760,33.200
-1.000,-6.760,33.200
1.000,-5.760,33.200
1.000,-5.760,33.300
-1.000,-5.760,33.300
-1.000,-6.760,33.300
1.000,-6.760,33.300
1.000,-5.760,33.300
-1.000,-6.760,33.300
-1.000,-6.760,33.400
1.000,-6.760,33.400
1.000,-5.760,33.400
-1.000,-5.760,33.400
-1.000,-6.760,33.400
1.000,-6.760,33.400
1.000,-6.760,33.500
1.000,-5.760,33.500
-1.000,-5.760,33.500
-1.000,-6.760,33.500
1.000,-6.760,33.500
-1.000,-5.760,33.500
-1.000,-5.760,33.600
-1.000,-6.760,33.600
1.000,-6.760,33.600
1.000,-5.760,33.600
-1.000,-5.760,33.600
-1.000,-5.760,33.700
-1.000,-6.760,33.700
1.000,-6.760,33.700
1.000,-5.760,33.700
-1.000,-5.760,33.700
-1.000,-5.760,33.800
-1.000,-6.760,33.800
1.000,-6.760,33.800
1.000,-5.760,33.800
-1.000,-5.760,33.800
1.000,-5.760,33.800
1.000,-5.760,33.900
-1.000,-5.760,33.900
-1.000,-6.760,33.900
1.000,-6.760,33.900
1.000,-5.760,33.900
-1.000,-5.760,33.900
-1.000,-5.760,34.000
-1.000,-6.760,34.000
1.000,-6.760,34.000
1.000,-5.760,34.000
-1.000,-5.760,34.000
1.000,-5.760,34.000
1.000,-5.760,34.100
-1.000,-5.760,34.100
-1.000,-6.760,34.100
1.000,-6.760,34.100
1.000,-5.760,34.100
1.000,-6.760,34.100
1.000,-6.760,34.200
1.000,-5.760,34.200
-1.000,-5.760,34.200
-1.000,-6.760,34.200
1.000,-6.760,34.200
-1.000,-5.760,34.200
-1.000,-5.760,34.300
-1.000,-6.760,34.300
1.000,-6.760,34.300
1.000,-5.760,34.300
-1.000,-5.760,34.300
1.000,-5.760,34.300
1.000,-5.760,34.400
-1.000,-5.760,34.400
-1.000,-6.760,34.400
1.000,-6.760,34.400
1.000,-5.760,34.400
-1.000,-6.760,34.400
-1.000,-6.760,34.500
1.000,-6.760,34.500
1.000,-5.760,34.500
-1.000,-5.760,34.500
-1.000,-6.760,34.500
-1.000,-5.760,34.500
-1.000,-5.760,34.600
-1.000,-6.760,34.600
1.000,-6.760,34.600
1.000,-5.760,34.600
-1.000,-5.760,34.600
1.000,-6.760,34.600
1.000,-6.760,34.700
1.000,-5.760,34.700
-1.000,-5.760,34.700
-1.000,-6.760,34.700
1.000,-6.760,34.700
1.000,-5.760,34.700
1.000,-5.760,34.800
-1.000,-5.760,34.800
-1.000,-6.760,34.800
1.000,-6.760,34.800
1.000,-5.760,34.800
-1.000,-5.760,34.800
-1.000,-5.760,34.900
-1.000,-6.760,34.900
1.000,-6.760,34.900
1.000,-5.760,34.900
-1.000,-5.760,34.900
1.000,-6.760,34.900
1.000,-6.760,35.000
1.000,-5.760,35.000
-1.000,-5.760,35.000
-1.000,-6.760,35.000
1.000,-6.760,35.000
1.003,-5.760,35.000
1.003,-5.760,35.100
-1.003,-5.760,35.100
-1.003,-6.760,35.100
1.003,-6.760,35.100
1.003,-5.760,35.100
1.008,-5.760,35.100
1.008,-5.760,35.200
-1.008,-5.760,35.200
-1.008,-6.760,35.200
1.008,-6.760,35.200
1.008,-5.760,35.200
-1.014,-6.760,35.200
-1.014,-6.760,35.300
1.014,-6.760,35.300
1.014,-5.760,35.300
-1.014,-5.760,35.300
-1.014,-6.760,35.300
-1.020,-6.760,35.300
-1.020,-6.760,35.400
1.020,-6.760,35.400
1.020,-5.760,35.400
-1.020,-5.760,35.400
-1.020,-6.760,35.400
1.025,-6.760,35.400
1.025,-6.760,35.500
1.025,-5.760,35.500
-1.025,-5.760,35.500
-1.025,-6.760,35.500
1.025,-6.760,35.500
1.031,-6.760,35.500
1.031,-6.760,35.600
1.031,-5.760,35.600
-1.031,-5.760,35.600
-1.031,-6.760,35.600
1.031,-6.760,35.600
1.037,-6.760,35.600
1.037,-6.760,35.700
1.037,-5.760,35.700
-1.037,-5.760,35.700
-1.037,-6.760,35.700
1.037,-6.760,35.700
1.042,-6.760,35.700
1.042,-6.760,35.800
1.042,-5.760,35.800
-1.042,-5.760,35.800
-1.042,-6.760,35.800
1.042,-6.760,35.800
1.048,-6.760,35.800
1.048,-6.760,35.900
1.048,-5.760,35.900
-1.048,-5.760,35.900
-1.048,-6.760,35.900
1.048,-6.760,35.900
1.053,-5.760,35.900
1.053,-5.760,36.000
-1.053,-5.760,36.000
-1.053,-6.760,36.000
1.053,-6.760,36.000
1.053,-5.760,36.000
-1.059,-6.760,36.000
-1.059,-6.760,36.100
1.059,-6.760,36.100
1.059,-5.760,36.100
-1.059,-5.760,36.100
-1.059,-6.760,36.100
-1.065,-5.760,36.100
-1.065,-5.760,36.200
-1.065,-6.760,36.200
1.065,-6.760,36.200
1.065,-5.760,36.200
-1.065,-5.760,36.200
1.070,-5.760,36.200
1.070,-5.760,36.300
-1.070,-5.760,36.300
-1.070,-6.760,36.300
1.070,-6.760,36.300
1.070,-5.760,36.300
1.076,-5.760,36.300
1.076,-5.760,36.400
-1.076,-5.760,36.400
-1.076,-6.760,36.400
1.076,-6.760,36.400
1.076,-5.760,36.400
-1.081,-5.760,36.400
-1.081,-5.760,36.500
-1.081,-6.760,36.500
1.081,-6.760,36.500
1.081,-5.760,36.500
-1.081,-5.760,36.500
1.087,-6.760,36.500
1.087,-6.760,36.600
1.087,-5.760,36.600
-1.087,-5.760,36.600
-1.087,-6.760,36.600
1.087,-6.760,36.600
-1.093,-6.760,36.600
-1.093,-6.760,36.700
1.093,-6.760,36.700
1.093,-5.760,36.700
-1.093,-5.760,36.700
-1.093,-6.760,36.700
1.098,-6.760,36.700
1.098,-6.760,36.800
1.098,-5.760,36.800
-1.098,-5.760,36.800
-1.098,-6.760,36.800
1.098,-6.760,36.800
1.110,-5.760,36.800
1.110,-5.760,36.900
-1.110,-5.760,36.900
-1.110,-6.760,36.900
1.110,-6.760,36.900
1.110,-5.760,36.900
1.127,-5.760,36.900
1.127,-5.760,37.000
-1.127,-5.760,37.000
-1.127,-6.760,37.000
1.127,-6.760,37.000
1.127,-5.760,37.000
1.144,-6.760,37.000
1.144,-6.760,37.100
1.144,-5.760,37.100
-1.144,-5.760,37.100
-1.144,-6.760,37.100
1.144,-6.760,37.100
1.161,-5.760,37.100
1.161,-5.760,37.200
-1.161,-5.760,37.200
-1.161,-6.760,37.200
1.161,-6.760,37.200
1.161,-5.760,37.200
-1.178,-6.760,37.200
-1.178,-6.760,37.300
1.178,-6.760,37.300
1.178,-5.760,37.300
-1.178,-5.760,37.300
-1.178,-6.760,37.300
-1.195,-6.760,37.300
-1.195,-6.760,37.400
1.195,-6.760,37.400
1.195,-5.760,37.400
-1.195,-5.760,37.400
-1.195,-6.760,37.400
-1.212,-5.760,37.400
-1.212,-5.760,37.500
-1.212,-6.760,37.500
1.212,-6.760,37.500
1.212,-5.760,37.500
-1.212,-5.760,37.500
1.229,-5.760,37.500
1.229,-5.760,37.600
-1.229,-5.760,37.600
-1.229,-6.760,37.600
1.229,-6.760,37.600
1.229,-5.760,37.600
1.246,-5.760,37.600
1.246,-5.760,37.700
-1.246,-5.760,37.700
-1.246,-6.760,37.700
1.246,-6.760,37.700
1.246,-5.760,37.700
1.263,-5.760,37.700
1.263,-5.760,37.800
-1.263,-5.760,37.800
-1.263,-6.760,37.800
1.263,-6.760,37.800
1.263,-5.760,37.800
-1.280,-6.760,37.800
-1.280,-6.760,37.900
1.280,-6.760,37.900
1.280,-5.760,37.900
-1.280,-5.760,37.900
-1.280,-6.760,37.900
1.297,-6.760,37.900
1.297,-6.760,38.000
1.297,-5.760,38.000
-1.297,-5.760,38.000
-1.297,-6.760,38.000
1.297,-6.760,38.000
1.314,-5.760,38.000
1.314,-5.760,38.100
-1.314,-5.760,38.100
-1.314,-6.760,38.100
1.314,-6.760,38.100
1.314,-5.760,38.100
1.331,-6.760,38.100
1.331,-6.760,38.200
1.331,-5.760,38.200
-1.331,-5.760,38.200
-1.331,-6.760,38.200
1.331,-6.760,38.200
1.348,-6.760,38.200
1.348,-6.760,38.300
1.348,-5.760,38.300
-1.348,-5.760,38.300
-1.348,-6.760,38.300
1.348,-6.760,38.300
1.365,-6.760,38.300
1.365,-6.760,38.400
1.365,-5.760,38.400
-1.365,-5.760,38.400
-1.365,-6.760,38.400
1.365,-6.760,38.400
1.382,-6.760,38.400
1.382,-6.760,38.500
1.382,-5.760,38.500
-1.382,-5.760,38.500
-1.382,-6.760,38.500
1.382,-6.760,38.500
-1.399,-5.760,38.500
-1.399,-5.760,38.600
-1.399,-6.760,38.600
1.399,-6.760,38.600
1.399,-5.760,38.600
-1.399,-5.760,38.600
-1.426,-5.760,38.600
-1.426,-5.760,38.700
-1.426,-6.760,38.700
1.426,-6.760,38.700
1.426,-5.760,38.700
-1.426,-5.760,38.700
1.454,-6.760,38.700
1.454,-6.760,38.800
1.454,-5.760,38.800
-1.454,-5.760,38.800
-1.454,-6.760,38.800
1.454,-6.760,38.800
1.483,-5.760,38.800
1.483,-5.760,38.900
-1.483,-5.760,38.900
-1.483,-6.760,38.900
1.483,-6.760,38.900
1.483,-5.760,38.900
-1.512,-5.760,38.900
-1.512,-5.760,39.000
-1.512,-6.760,39.000
1.512,-6.760,39.000
1.512,-5.760,39.000
-1.512,-5.760,39.000
1.541,-6.760,39.000
1.541,-6.760,39.100
1.541,-5.760,39.100
-1.541,-5.760,39.100
-1.541,-6.760,39.100
1.541,-6.760,39.100
-1.570,-5.760,39.100
-1.570,-5.760,39.200
-1.570,-6.760,39.200
1.570,-6.760,39.200
1.570,-5.760,39.200
-1.570,-5.760,39.200
-1.598,-6.760,39.200
-1.598,-6.760,39.300
1.598,-6.760,39.300
1.598,-5.760,39.300
-1.598,-5.760,39.300
-1.598,-6.760,39.300
1.627,-5.760,39.300
1.627,-5.760,39.400
-1.627,-5.760,39.400
-1.627,-6.760,39.400
1.627,-6.760,39.400
1.627,-5.760,39.400
-1.656,-6.760,39.400
-1.656,-6.760,39.500
1.656,-6.760,39.500
1.656,-5.760,39.500
-1.656,-5.760,39.500
-1.656,-6.760,39.500
1.685,-5.760,39.500
1.685,-5.760,39.600
-1.685,-5.760,39.600
-1.685,-6.760,39.600
1.685,-6.760,39.600
1.685,-5.760,39.600
-1.714,-6.760,39.600
-1.714,-6.760,39.700
1.714,-6.760,39.700
1.714,-5.760,39.700
-1.714,-5.760,39.700
-1.714,-6.760,39.700
1.743,-6.760,39.700
1.743,-6.760,39.800
1.743,-5.760,39.800
-1.743,-5.760,39.800
-1.743,-6.760,39.800
1.743,-6.760,39.800
1.771,-5.760,39.800
1.771,-5.760,39.900
-1.771,-5.760,39.900
-1.771,-6.760,39.900
1.771,-6.760,39.900
1.771,-5.760,39.900
1.800,-6.760,39.900
1.800,-6.760,40.000
1.800,-5.760,40.000
-1.800,-5.760,40.000
-1.800,-6.760,40.000
1.800,-6.760,40.000
1.829,-6.760,40.000
1.829,-6.760,40.100
1.829,-5.760,40.100
-1.829,-5.760,40.100
-1.829,-6.760,40.100
1.829,-6.760,40.100
-1.858,-6.760,40.100
-1.858,-6.760,40.200
1.858,-6.760,40.200
1.858,-5.760,40.200
-1.858,-5.760,40.200
-1.858,-6.760,40.200
-1.887,-6.760,40.200
-1.887,-6.760,40.300
1.887,-6.760,40.300
1.887,-5.760,40.300
-1.887,-5.760,40.300
-1.887,-6.760,40.300
-1.922,-5.760,40.300
-1.922,-5.760,40.400
-1.922,-6.760,40.400
1.922,-6.760,40.400
1.922,-5.760,40.400
-1.922,-5.760,40.400
1.963,-5.760,40.400
1.963,-5.760,40.500
-1.963,-5.760,40.500
-1.963,-6.760,40.500
1.963,-6.760,40.500
1.963,-5.760,40.500
2.005,-6.760,40.500
2.005,-6.760,40.600
2.005,-5.760,40.600
-2.005,-5.760,40.600
-2.005,-6.760,40.600
2.005,-6.760,40.600
-2.046,-6.760,40.600
-2.046,-6.760,40.700
2.046,-6.760,40.700
2.046,-5.760,40.700
-2.046,-5.760,40.700
-2.046,-6.760,40.700
2.088,-6.760,40.700
2.088,-6.760,40.800
2.088,-5.760,40.800
-2.088,-5.760,40.800
-2.088,-6.760,40.800
2.088,-6.760,40.800
-2.129,-6.760,40.800
-2.129,-6.760,40.900
2.129,-6.760,40.900
2.129,-5.760,40.900
-2.129,-5.760,40.900
-2.129,-6.760,40.900
-2.171,-5.760,40.900
-2.171,-5.760,41.000
-2.171,-6.760,41.000
2.171,-6.760,41.000
2.171,-5.760,41.000
-2.171,-5.760,41.000
-2.212,-5.760,41.000
-2.212,-5.760,41.100
-2.212,-6.760,41.100
2.212,-6.760,41.100
2.212,-5.760,41.100
-2.212,-5.760,41.100
2.254,-5.760,41.100
2.254,-5.760,41.200
-2.254,-5.760,41.200
-2.254,-6.760,41.200
2.254,-6.760,41.200
2.254,-5.760,41.200
2.295,-6.760,41.200
2.295,-6.760,41.300
2.295,-5.760,41.300
-2.295,-5.760,41.300
-2.295,-6.760,41.300
2.295,-6.760,41.300
-2.336,-6.760,41.300
-2.336,-6.760,41.400
2.336,-6.760,41.400
2.336,-5.760,41.400
-2.336,-5.760,41.400
-2.336,-6.760,41.400
-2.378,-5.760,41.400
-2.378,-5.760,41.500
-2.378,-6.760,41.500
2.378,-6.760,41.500
2.378,-5.760,41.500
-2.378,-5.760,41.500
2.419,-5.760,41.500
2.419,-5.760,41.600
-2.419,-5.760,41.600
-2.419,-6.760,41.600
2.419,-6.760,41.600
2.419,-5.760,41.600
2.461,-5.760,41.600
2.461,-5.760,41.700
-2.461,-5.760,41.700
-2.461,-6.760,41.700
2.461,-6.760,41.700
2.461,-5.760,41.700
-2.502,-6.760,41.700
-2.502,-6.760,41.800
2.502,-6.760,41.800
2.502,-5.760,41.800
-2.502,-5.760,41.800
-2.502,-6.760,41.800
-2.544,-5.760,41.800
-2.544,-5.760,41.900
-2.544,-6.760,41.900
2.544,-6.760,41.900
2.544,-5.760,41.900
-2.544,-5.760,41.900
-2.585,-5.760,41.900
-2.585,-5.760,42.000
-2.585,-6.760,42.000
2.585,-6.760,42.000
2.585,-5.760,42.000
-2.585,-5.760,42.000
2.639,-5.760,42.000
2.639,-5.760,42.100
-2.639,-5.760,42.100
-2.639,-6.760,42.100
2.639,-6.760,42.100
2.639,-5.760,42.100
-2.694,-5.760,42.100
-2.694,-5.760,42.200
-2.694,-6.760,42.200
2.694,-6.760,42.200
2.694,-5.760,42.200
-2.694,-5.760,42.200
2.750,-5.760,42.200
2.750,-5.760,42.300
-2.750,-5.760,42.300
-2.750,-6.760,42.300
2.750,-6.760,42.300
2.750,-5.760,42.300
-2.805,-5.760,42.300
-2.805,-5.760,42.400
-2.805,-6.760,42.400
2.805,-6.760,42.400
2.805,-5.760,42.400
-2.805,-5.760,42.400
-2.860,-6.760,42.400
-2.860,-6.760,42.500
2.860,-6.760,42.500
2.860,-5.760,42.500
-2.860,-5.760,42.500
-2.860,-6.760,42.500
2.915,-5.760,42.500
2.915,-5.760,42.600
-2.915,-5.760,42.600
-2.915,-6.760,42.600
2.915,-6.760,42.600
2.915,-5.760,42.600
-2.971,-6.760,42.600
-2.971,-6.760,42.700
2.971,-6.760,42.700
2.971,-5.760,42.700
-2.971,-5.760,42.700
-2.971,-6.760,42.700
3.026,-6.760,42.700
3.026,-6.760,42.800
3.026,-5.760,42.800
-3.026,-5.760,42.800
-3.026,-6.760,42.800
3.026,-6.760,42.800
3.081,-6.760,42.800
3.081,-6.760,42.900
3.081,-5.760,42.900
-3.081,-5.760,42.900
-3.081,-6.760,42.900
3.081,-6.760,42.900
-3.137,-5.760,42.900
-3.137,-5.760,43.000
-3.137,-6.760,43.000
3.137,-6.760,43.000
3.137,-5.760,43.000
-3.137,-5.760,43.000
3.192,-6.760,43.000
3.192,-6.760,43.100
3.192,-5.760,43.100
-3.192,-5.760,43.100
-3.192,-6.760,43.100
3.192,-6.760,43.100
-3.247,-6.760,43.100
-3.247,-6.760,43.200
3.247,-6.760,43.200
3.247,-5.760,43.200
-3.247,-5.760,43.200
-3.247,-6.760,43.200
-3.302,-6.760,43.200
-3.302,-6.760,43.300
3.302,-6.760,43.300
3.302,-5.760,43.300
-3.302,-5.760,43.300
-3.302,-6.760,43.300
-3.358,-6.760,43.300
-3.358,-6.760,43.400
3.358,-6.760,43.400
3.358,-5.760,43.400
-3.358,-5.760,43.400
-3.358,-6.760,43.400
-3.413,-5.760,43.400
-3.413,-5.760,43.500
-3.413,-6.760,43.500
3.413,-6.760,43.500
3.413,-5.760,43.500
-3.413,-5.760,43.500
3.471,-5.760,43.500
3.471,-5.760,43.600
-3.471,-5.760,43.600
-3.471,-6.760,43.600
3.471,-6.760,43.600
3.471,-5.760,43.600
-3.542,-6.760,43.600
-3.542,-6.760,43.700
3.542,-6.760,43.700
3.542,-5.760,43.700
-3.542,-5.760,43.700
-3.542,-6.760,43.700
-3.613,-6.760,43.700
-3.613,-6.760,43.800
3.613,-6.760,43.800
3.613,-5.760,43.800
-3.613,-5.760,43.800
-3.613,-6.760,43.800
-3.684,-6.760,43.800
-3.684,-6.760,43.900
3.684,-6.760,43.900
3.684,-5.760,43.900
-3.684,-5.760,43.900
-3.684,-6.760,43.900
3.755,-5.760,43.900
3.755,-5.760,44.000
-3.755,-5.760,44.000
-3.755,-6.760,44.000
3.755,-6.760,44.000
3.755,-5.760,44.000
3.826,-5.760,44.000
3.826,-5.760,44.100
-3.826,-5.760,44.100
-3.826,-6.760,44.100
3.826,-6.760,44.100
3.826,-5.760,44.100
-3.897,-5.760,44.100
-3.897,-5.760,44.200
-3.897,-6.760,44.200
3.897,-6.760,44.200
3.897,-5.760,44.200
-3.897,-5.760,44.200
3.968,-5.760,44.200
3.968,-5.760,44.300
-3.968,-5.760,44.300
-3.968,-6.760,44.300
3.968,-6.760,44.300
3.968,-5.760,44.300
4.039,-5.760,44.300
4.039,-5.760,44.400
-4.039,-5.760,44.400
-4.039,-6.760,44.400
4.039,-6.760,44.400
4.039,-5.760,44.400
-4.110,-6.760,44.400
-4.110,-6.760,44.500
4.110,-6.760,44.500
4.110,-5.760,44.500
-4.110,-5.760,44.500
-4.110,-6.760,44.500
4.181,-6.760,44.500
4.181,-6.760,44.600
4.181,-5.760,44.600
-4.181,-5.760,44.600
-4.181,-6.760,44.600
4.181,-6.760,44.600
4.252,-5.760,44.600
4.252,-5.760,44.700
-4.252,-5.760,44.700
-4.252,-6.760,44.700
4.252,-6.760,44.700
4.252,-5.760,44.700
4.323,-5.760,44.700
4.323,-5.760,44.800
-4.323,-5.760,44.800
-4.323,-6.760,44.800
4.323,-6.760,44.800
4.323,-5.760,44.800
-4.394,-5.760,44.800
-4.394,-5.760,44.900
-4.394,-6.760,44.900
4.394,-6.760,44.900
4.394,-5.760,44.900
-4.394,-5.760,44.900
-4.465,-5.760,44.900
-4.465,-5.760,45.000
-4.465,-6.760,45.000
4.465,-6.760,45.000
4.465,-5.760,45.000
-4.465,-5.760,45.000
4.500,-5.760,45.000
4.500,-5.760,45.100
-4.500,-5.760,45.100
-4.500,-6.760,45.100
4.500,-6.760,45.100
4.500,-5.760,45.100
-4.500,-5.760,45.100
-4.500,-5.760,45.200
-4.500,-6.760,45.200
4.500,-6.760,45.200
4.500,-5.760,45.200
-4.500,-5.760,45.200
4.500,-5.760,45.200
4.500,-5.760,45.300
-4.500,-5.760,45.300
-4.500,-6.760,45.300
4.500,-6.760,45.300
4.500,-5.760,45.300
4.500,-6.760,45.300
4.500,-6.760,45.400
4.500,-5.760,45.400
-4.500,-5.760,45.400
-4.500,-6.760,45.400
4.500,-6.760,45.400
-4.500,-5.760,45.400
-4.500,-5.760,45.500
-4.500,-6.760,45.500
4.500,-6.760,45.500
4.500,-5.760,45.500
-4.500,-5.760,45.500
4.500,-6.760,45.500
4.500,-6.760,45.600
4.500,-5.760,45.600
-4.500,-5.760,45.600
-4.500,-6.760,45.600
4.500,-6.760,45.600
4.500,-6.760,45.700
4.500,-5.760,45.700
-4.500,-5.760,45.700
-4.500,-6.760,45.700
4.500,-6.760,45.700
4.500,-6.760,45.800
4.500,-5.760,45.800
-4.500,-5.760,45.800
-4.500,-6.760,45.800
4.500,-6.760,45.800
-4.500,-5.760,45.800
-4.500,-5.760,45.900
-4.500,-6.760,45.900
4.500,-6.760,45.900
4.500,-5.760,45.900
-4.500,-5.760,45.900
4.500,-5.760,45.900
4.500,-5.760,46.000
-4.500,-5.760,46.000
-4.500,-6.760,46.000
4.500,-6.760,46.000
4.500,-5.760,46.000
-4.500,-5.760,46.000
-4.500,-5.760,46.100
-4.500,-6.760,46.100
4.500,-6.760,46.100
4.500,-5.760,46.100
-4.500,-5.760,46.100
-4.500,-5.760,46.200
-4.500,-6.760,46.200
4.500,-6.760,46.200
4.500,-5.760,46.200
-4.500,-5.760,46.200
-4.500,-6.760,46.200
-4.500,-6.760,46.300
4.500,-6.760,46.300
4.500,-5.760,46.300
-4.500,-5.760,46.300
-4.500,-6.760,46.300
-4.500,-6.760,46.400
4.500,-6.760,46.400
4.500,-5.760,46.400
-4.500,-5.760,46.400
-4.500,-6.760,46.400
-4.500,-6.760,46.500
4.500,-6.760,46.500
4.500,-5.760,46.500
-4.500,-5.760,46.500
-4.500,-6.760,46.500
-4.500,-5.760,46.500
-4.500,-5.760,46.600
-4.500,-6.760,46.600
4.500,-6.760,46.600
4.500,-5.760,46.600
-4.500,-5.760,46.600
-4.500,-5.760,46.700
-4.500,-6.760,46.700
4.500,-6.760,46.700
4.500,-5.760,46.700
-4.500,-5.760,46.700
-4.500,-5.760,46.800
-4.500,-6.760,46.800
4.500,-6.760,46.800
4.500,-5.760,46.800
-4.500,-5.760,46.800
-4.500,-5.760,46.900
-4.500,-6.760,46.900
4.500,-6.760,46.900
4.500,-5.760,46.900
-4.500,-5.760,46.900
4.500,-5.760,46.900
4.500,-5.760,47.000
-4.500,-5.760,47.000
-4.500,-6.760,47.000
4.500,-6.760,47.000
4.500,-5.760,47.000
4.500,-5.760,47.100
-4.500,-5.760,47.100
-4.500,-6.760,47.100
4.500,-6.760,47.100
4.500,-5.760,47.100
4.500,-6.760,47.100
4.500,-6.760,47.200
4.500,-5.760,47.200
-4.500,-5.760,47.200
-4.500,-6.760,47.200
4.500,-6.760,47.200
4.500,-6.760,47.300
4.500,-5.760,47.300
-4.500,-5.760,47.300
-4.500,-6.760,47.300
4.500,-6.760,47.300
4.500,-6.760,47.400
4.500,-5.760,47.400
-4.500,-5.760,47.400
-4.500,-6.760,47.400
4.500,-6.760,47.400
4.500,-5.760,47.400
4.500,-5.760,47.500
-4.500,-5.760,47.500
-4.500,-6.760,47.500
4.500,-6.760,47.500
4.500,-5.760,47.500
-4.500,-6.760,47.500
-4.500,-6.760,47.600
4.500,-6.760,47.600
4.500,-5.760,47.600
-4.500,-5.760,47.600
-4.500,-6.760,47.600
-4.500,-6.760,47.700
4.500,-6.760,47.700
4.500,-5.760,47.700
-4.500,-5.760,47.700
-4.500,-6.760,47.700
-4.500,-6.760,47.800
4.500,-6.760,47.800
4.500,-5.760,47.800
-4.500,-5.760,47.800
-4.500,-6.760,47.800
4.500,-6.760,47.800
4.500,-6.760,47.900
4.500,-5.760,47.900
-4.500,-5.760,47.900
-4.500,-6.760,47.900
4.500,-6.760,47.900
-4.500,-5.760,47.900
-4.500,-5.760,48.000
-4.500,-6.760,48.000
4.500,-6.760,48.000
4.500,-5.760,48.000
-4.500,-5.760,48.000
4.500,-6.760,48.000
4.500,-6.760,48.100
4.500,-5.760,48.100
-4.500,-5.760,48.100
-4.500,-6.760,48.100
4.500,-6.760,48.100
-4.500,-6.760,48.100
-4.500,-6.760,48.200
4.500,-6.760,48.200
4.500,-5.760,48.200
-4.500,-5.760,48.200
-4.500,-6.760,48.200
4.500,-5.760,48.200
4.500,-5.760,48.300
-4.500,-5.760,48.300
-4.500,-6.760,48.300
4.500,-6.760,48.300
4.500,-5.760,48.300
4.500,-5.760,48.400
-4.500,-5.760,48.400
-4.500,-6.760,48.400
4.500,-6.760,48.400
4.500,-5.760,48.400
-4.500,-5.760,48.400
-4.500,-5.760,48.500
-4.500,-6.760,48.500
4.500,-6.760,48.500
4.500,-5.760,48.500
-4.500,-5.760,48.500
4.500,-5.760,48.500
4.500,-5.760,48.600
-4.500,-5.760,48.600
-4.500,-6.760,48.600
4.500,-6.760,48.600
4.500,-5.760,48.600
-4.500,-6.760,48.600
-4.500,-6.760,48.700
4.500,-6.760,48.700
4.500,-5.760,48.700
-4.500,-5.760,48.700
-4.500,-6.760,48.700
4.500,-6.760,48.700
4.500,-6.760,48.800
4.500,-5.760,48.800
-4.500,-5.760,48.800
-4.500,-6.760,48.800
4.500,-6.760,48.800
4.500,-5.760,48.800
4.500,-5.760,48.900
-4.500,-5.760,48.900
-4.500,-6.760,48.900
4.500,-6.760,48.900
4.500,-5.760,48.900
4.500,-5.760,49.000
-4.500,-5.760,49.000
-4.500,-6.760,49.000
4.500,-6.760,49.000
4.500,-5.760,49.000
-4.500,-5.760,49.000
-4.500,-5.760,49.100
-4.500,-6.760,49.100
4.500,-6.760,49.100
4.500,-5.760,49.100
-4.500,-5.760,49.100
4.500,-6.760,49.100
4.500,-6.760,49.200
4.500,-5.760,49.200
-4.500,-5.760,49.200
-4.500,-6.760,49.200
4.500,-6.760,49.200
4.500,-6.760,49.300
4.500,-5.760,49.300
-4.500,-5.760,49.300
-4.500,-6.760,49.300
4.500,-6.760,49.300
4.500,-6.760,49.400
4.500,-5.760,49.400
-4.500,-5.760,49.400
-4.500,-6.760,49.400
4.500,-6.760,49.400
-4.500,-5.760,49.400
-4.500,-5.760,49.500
-4.500,-6.760,49.500
4.500,-6.760,49.500
4.500,-5.760,49.500
-4.500,-5.760,49.500
-4.500,-5.760,49.600
-4.500,-6.760,49.600
4.500,-6.760,49.600
4.500,-5.760,49.600
-4.500,-5.760,49.600
-4.500,-6.760,49.600
-4.500,-6.760,49.700
4.500,-6.760,49.700
4.500,-5.760,49.700
-4.500,-5.760,49.700
-4.500,-6.760,49.700
-4.500,-5.760,49.700
-4.500,-5.760,49.800
-4.500,-6.760,49.800
4.500,-6.760,49.800
4.500,-5.760,49.800
-4.500,-5.760,49.800
4.500,-5.760,49.800
4.500,-5.760,49.900
-4.500,-5.760,49.900
-4.500,-6.760,49.900
4.500,-6.760,49.900
4.500,-5.760,49.900
-4.500,-5.760,49.900
-4.500,-5.760,50.000
-4.500,-6.760,50.000
4.500,-6.760,50.000
4.500,-5.760,50.000
-4.500,-5.760,50.000
4.500,-5.760,50.000
4.500,-5.760,50.100
-4.500,-5.760,50.100
-4.500,-6.760,50.100
4.500,-6.760,50.100
4.500,-5.760,50.100
4.500,-5.760,50.200
-4.500,-5.760,50.200
-4.500,-6.760,50.200
4.500,-6.760,50.200
4.500,-5.760,50.200
-4.500,-5.760,50.200
-4.500,-5.760,50.300
-4.500,-6.760,50.300
4.500,-6.760,50.300
4.500,-5.760,50.300
-4.500,-5.760,50.300
4.500,-5.760,50.300
4.500,-5.760,50.400
-4.500,-5.760,50.400
-4.500,-6.760,50.400
4.500,-6.760,50.400
4.500,-5.760,50.400
-4.500,-6.760,50.400
-4.500,-6.760,50.500
4.500,-6.760,50.500
4.500,-5.760,50.500
-4.500,-5.760,50.500
-4.500,-6.760,50.500
4.500,-6.760,50.500
4.500,-6.760,50.600
4.500,-5.760,50.600
-4.500,-5.760,50.600
-4.500,-6.760,50.600
4.500,-6.760,50.600
4.500,-5.760,50.600
4.500,-5.760,50.700
-4.500,-5.760,50.700
-4.500,-6.760,50.700
4.500,-6.760,50.700
4.500,-5.760,50.700
-4.500,-6.760,50.700
-4.500,-6.760,50.800
4.500,-6.760,50.800
4.500,-5.760,50.800
-4.500,-5.760,50.800
-4.500,-6.760,50.800
-4.500,-6.760,50.900
4.500,-6.760,50.900
4.500,-5.760,50.900
-4.500,-5.760,50.900
-4.500,-6.760,50.900
4.500,-5.760,50.900
4.500,-5.760,51.000
-4.500,-5.760,51.000
-4.500,-6.760,51.000
4.500,-6.760,51.000
4.500,-5.760,51.000
4.500,-6.760,51.000
4.500,-6.760,51.100
4.500,-5.760,51.100
-4.500,-5.760,51.100
-4.500,-6.760,51.100
4.500,-6.760,51.100
-4.500,-5.760,51.100
-4.500,-5.760,51.200
-4.500,-6.760,51.200
4.500,-6.760,51.200
4.500,-5.760,51.200
-4.500,-5.760,51.200
-4.500,-5.760,51.300
-4.500,-6.760,51.300
4.500,-6.760,51.300
4.500,-5.760,51.300
-4.500,-5.760,51.300
-4.500,-6.760,51.300
-4.500,-6.760,51.400
4.500,-6.760,51.400
4.500,-5.760,51.400
-4.500,-5.760,51.400
-4.500,-6.760,51.400
4.500,-6.760,51.400
4.500,-6.760,51.500
4.500,-5.760,51.500
-4.500,-5.760,51.500
-4.500,-6.760,51.500
4.500,-6.760,51.500
4.500,-5.760,51.500
4.500,-5.760,51.600
-4.500,-5.760,51.600
-4.500,-6.760,51.600
4.500,-6.760,51.600
4.500,-5.760,51.600
-4.500,-6.760,51.600
-4.500,-6.760,51.700
4.500,-6.760,51.700
4.500,-5.760,51.700
-4.500,-5.760,51.700
-4.500,-6.760,51.700
4.500,-6.760,51.700
4.500,-6.760,51.800
4.500,-5.760,51.800
-4.500,-5.760,51.800
-4.500,-6.760,51.800
4.500,-6.760,51.800
4.500,-5.760,51.800
4.500,-5.760,51.900
-4.500,-5.760,51.900
-4.500,-6.760,51.900
4.500,-6.760,51.900
4.500,-5.760,51.900
-4.500,-6.760,51.900
-4.500,-6.760,52.000
4.500,-6.760,52.000
4.500,-5.760,52.000
-4.500,-5.760,52.000
-4.500,-6.760,52.000
-4.500,-5.760,52.000
-4.500,-5.760,52.100
-4.500,-6.760,52.100
4.500,-6.760,52.100
4.500,-5.760,52.100
-4.500,-5.760,52.100
4.500,-5.760,52.100
4.500,-5.760,52.200
-4.500,-5.760,52.200
-4.500,-6.760,52.200
4.500,-6.760,52.200
4.500,-5.760,52.200
-4.500,-5.760,52.200
-4.500,-5.760,52.300
-4.500,-6.760,52.300
4.500,-6.760,52.300
4.500,-5.760,52.300
-4.500,-5.760,52.300
4.500,-5.760,52.300
4.500,-5.760,52.400
-4.500,-5.760,52.400
-4.500,-6.760,52.400
4.500,-6.760,52.400
4.500,-5.760,52.400
-4.500,-5.760,52.400
-4.500,-5.760,52.500
-4.500,-6.760,52.500
4.500,-6.760,52.500
4.500,-5.760,52.500
-4.500,-5.760,52.500
4.500,-5.760,52.500
4.500,-5.760,52.600
-4.500,-5.760,52.600
-4.500,-6.760,52.600
4.500,-6.760,52.600
4.500,-5.760,52.600
4.500,-5.760,52.700
-4.500,-5.760,52.700
-4.500,-6.760,52.700
4.500,-6.760,52.700
4.500,-5.760,52.700
-4.500,-6.760,52.700
-4.500,-6.760,52.800
4.500,-6.760,52.800
4.500,-5.760,52.800
-4.500,-5.760,52.800
-4.500,-6.760,52.800
-4.500,-6.760,52.900
4.500,-6.760,52.900
4.500,-5.760,52.900
-4.500,-5.760,52.900
-4.500,-6.760,52.900
4.500,-5.760,52.900
4.500,-5.760,53.000
-4.500,-5.760,53.000
-4.500,-6.760,53.000
4.500,-6.760,53.000
4.500,-5.760,53.000
4.500,-5.760,53.100
-4.500,-5.760,53.100
-4.500,-6.760,53.100
4.500,-6.760,53.100
4.500,-5.760,53.100
4.500,-6.760,53.100
4.500,-6.760,53.200
4.500,-5.760,53.200
-4.500,-5.760,53.200
-4.500,-6.760,53.200
4.500,-6.760,53.200
4.500,-6.760,53.300
4.500,-5.760,53.300
-4.500,-5.760,53.300
-4.500,-6.760,53.300
4.500,-6.760,53.300
-4.500,-6.760,53.300
-4.500,-6.760,53.400
4.500,-6.760,53.400
4.500,-5.760,53.400
-4.500,-5.760,53.400
-4.500,-6.760,53.400
-4.500,-6.760,53.500
4.500,-6.760,53.500
4.500,-5.760,53.500
-4.500,-5.760,53.500
-4.500,-6.760,53.500
4.500,-5.760,53.500
4.500,-5.760,53.600
-4.500,-5.760,53.600
-4.500,-6.760,53.600
4.500,-6.760,53.600
4.500,-5.760,53.600
-4.500,-5.760,53.600
-4.500,-5.760,53.700
-4.500,-6.760,53.700
4.500,-6.760,53.700
4.500,-5.760,53.700
-4.500,-5.760,53.700
-4.500,-6.760,53.700
-4.500,-6.760,53.800
4.500,-6.760,53.800
4.500,-5.760,53.800
-4.500,-5.760,53.800
-4.500,-6.760,53.800
4.500,-5.760,53.800
4.500,-5.760,53.900
-4.500,-5.760,53.900
-4.500,-6.760,53.900
4.500,-6.760,53.900
4.500,-5.760,53.900
-4.500,-5.760,53.900
-4.500,-5.760,54.000
-4.500,-6.760,54.000
4.500,-6.760,54.000
4.500,-5.760,54.000
-4.500,-5.760,54.000
-4.500,-6.760,54.000
-4.500,-6.760,54.100
4.500,-6.760,54.100
4.500,-5.760,54.100
-4.500,-5.760,54.100
-4.500,-6.760,54.100
4.500,-6.760,54.100
4.500,-6.760,54.200
4.500,-5.760,54.200
-4.500,-5.760,54.200
-4.500,-6.760,54.200
4.500,-6.760,54.200
-4.500,-6.760,54.200
-4.500,-6.760,54.300
4.500,-6.760,54.300
4.500,-5.760,54.300
-4.500,-5.760,54.300
-4.500,-6.760,54.300
4.500,-5.760,54.300
4.500,-5.760,54.400
-4.500,-5.760,54.400
-4.500,-6.760,54.400
4.500,-6.760,54.400
4.500,-5.760,54.400
4.500,-6.760,54.400
4.500,-6.760,54.500
4.500,-5.760,54.500
-4.500,-5.760,54.500
-4.500,-6.760,54.500
4.500,-6.760,54.500
4.500,-5.760,54.500
4.500,-5.760,54.600
-4.500,-5.760,54.600
-4.500,-6.760,54.600
4.500,-6.760,54.600
4.500,-5.760,54.600
4.500,-5.760,54.700
-4.500,-5.760,54.700
-4.500,-6.760,54.700
4.500,-6.760,54.700
4.500,-5.760,54.700
4.500,-6.760,54.700
4.500,-6.760,54.800
4.500,-5.760,54.800
-4.500,-5.760,54.800
-4.500,-6.760,54.800
4.500,-6.760,54.800
4.500,-6.760,54.900
4.500,-5.760,54.900
-4.500,-5.760,54.900
-4.500,-6.760,54.900
4.500,-6.760,54.900
-4.500,-5.760,54.900
-4.500,-5.760,55.000
-4.500,-6.760,55.000
4.500,-6.760,55.000
4.500,-5.760,55.000
-4.500,-5.760,55.000
-4.500,-5.760,55.100
-4.500,-6.760,55.100
4.500,-6.760,55.100
4.500,-5.760,55.100
-4.500,-5.760,55.100
4.500,-6.760,55.100
4.500,-6.760,55.200
4.500,-5.760,55.200
-4.500,-5.760,55.200
-4.500,-6.760,55.200
4.500,-6.760,55.200
-4.500,-6.760,55.200
-4.500,-6.760,55.300
4.500,-6.760,55.300
4.500,-5.760,55.300
-4.500,-5.760,55.300
-4.500,-6.760,55.300
-4.500,-5.760,55.300
-4.500,-5.760,55.400
-4.500,-6.760,55.400
4.500,-6.760,55.400
4.500,-5.760,55.400
-4.500,-5.760,55.400
-4.500,-5.760,55.500
-4.500,-6.760,55.500
4.500,-6.760,55.500
4.500,-5.760,55.500
-4.500,-5.760,55.500
4.500,-5.760,55.500
4.500,-5.760,55.600
-4.500,-5.760,55.600
-4.500,-6.760,55.600
4.500,-6.760,55.600
4.500,-5.760,55.600
4.500,-6.760,55.600
4.500,-6.760,55.700
4.500,-5.760,55.700
-4.500,-5.760,55.700
-4.500,-6.760,55.700
4.500,-6.760,55.700
4.500,-6.760,55.800
4.500,-5.760,55.800
-4.500,-5.760,55.800
-4.500,-6.760,55.800
4.500,-6.760,55.800
4.500,-5.760,55.800
4.500,-5.760,55.900
-4.500,-5.760,55.900
-4.500,-6.760,55.900
4.500,-6.760,55.900
4.500,-5.760,55.900
-4.500,-6.760,55.900
-4.500,-6.760,56.000
4.500,-6.760,56.000
4.500,-5.760,56.000
-4.500,-5.760,56.000
-4.500,-6.760,56.000
-4.500,-6.760,56.100
4.500,-6.760,56.100
4.500,-5.760,56.100
-4.500,-5.760,56.100
-4.500,-6.760,56.100
-4.500,-6.760,56.200
4.500,-6.760,56.200
4.500,-5.760,56.200
-4.500,-5.760,56.200
-4.500,-6.760,56.200
-4.500,-5.760,56.200
-4.500,-5.760,56.300
-4.500,-6.760,56.300
4.500,-6.760,56.300
4.500,-5.760,56.300
-4.500,-5.760,56.300
4.500,-6.760,56.300
4.500,-6.760,56.400
4.500,-5.760,56.400
-4.500,-5.760,56.400
-4.500,-6.760,56.400
4.500,-6.760,56.400
4.500,-6.760,56.500
4.500,-5.760,56.500
-4.500,-5.760,56.500
-4.500,-6.760,56.500
4.500,-6.760,56.500
4.500,-6.760,56.600
4.500,-5.760,56.600
-4.500,-5.760,56.600
-4.500,-6.760,56.600
4.500,-6.760,56.600
4.500,-5.760,56.600
4.500,-5.760,56.700
-4.500,-5.760,56.700
-4.500,-6.760,56.700
4.500,-6.760,56.700
4.500,-5.760,56.700
-4.500,-6.760,56.700
-4.500,-6.760,56.800
4.500,-6.760,56.800
4.500,-5.760,56.800
-4.500,-5.760,56.800
-4.500,-6.760,56.800
4.500,-5.760,56.800
4.500,-5.760,56.900
-4.500,-5.760,56.900
-4.500,-6.760,56.900
4.500,-6.760,56.900
4.500,-5.760,56.900
-4.500,-6.760,56.900
-4.500,-6.760,57.000
4.500,-6.760,57.000
4.500,-5.760,57.000
-4.500,-5.760,57.000
-4.500,-6.760,57.000
4.500,-5.760,57.000
4.500,-5.760,57.100
-4.500,-5.760,57.100
-4.500,-6.760,57.100
4.500,-6.760,57.100
4.500,-5.760,57.100
-4.500,-5.760,57.100
-4.500,-5.760,57.200
-4.500,-6.760,57.200
4.500,-6.760,57.200
4.500,-5.760,57.200
-4.500,-5.760,57.200
4.500,-6.760,57.200
4.500,-6.760,57.300
4.500,-5.760,57.300
-4.500,-5.760,57.300
-4.500,-6.760,57.300
4.500,-6.760,57.300
-4.500,-5.760,57.300
-4.500,-5.760,57.400
-4.500,-6.760,57.400
4.500,-6.760,57.400
4.500,-5.760,57.400
-4.500,-5.760,57.400
-4.500,-6.760,57.400
-4.500,-6.760,57.500
4.500,-6.760,57.500
4.500,-5.760,57.500
-4.500,-5.760,57.500
-4.500,-6.760,57.500
4.500,-5.760,57.500
4.500,-5.760,57.600
-4.500,-5.760,57.600
-4.500,-6.760,57.600
4.500,-6.760,57.600
4.500,-5.760,57.600
-4.500,-6.760,57.600
-4.500,-6.760,57.700
4.500,-6.760,57.700
4.500,-5.760,57.700
-4.500,-5.760,57.700
-4.500,-6.760,57.700
4.500,-5.760,57.700
4.500,-5.760,57.800
-4.500,-5.760,57.800
-4.500,-6.760,57.800
4.500,-6.760,57.800
4.500,-5.760,57.800
4.500,-5.760,57.900
-4.500,-5.760,57.900
-4.500,-6.760,57.900
4.500,-6.760,57.900
4.500,-5.760,57.900
-4.500,-5.760,57.900
-4.500,-5.760,58.000
-4.500,-6.760,58.000
4.500,-6.760,58.000
4.500,-5.760,58.000
-4.500,-5.760,58.000
-4.500,-5.760,58.100
-4.500,-6.760,58.100
4.500,-6.760,58.100
4.500,-5.760,58.100
-4.500,-5.760,58.100
4.500,-5.760,58.100
4.500,-5.760,58.200
-4.500,-5.760,58.200
-4.500,-6.760,58.200
4.500,-6.760,58.200
4.500,-5.760,58.200
4.500,-6.760,58.200
4.500,-6.760,58.300
4.500,-5.760,58.300
-4.500,-5.760,58.300
-4.500,-6.760,58.300
4.500,-6.760,58.300
-4.500,-6.760,58.300
-4.500,-6.760,58.400
4.500,-6.760,58.400
4.500,-5.760,58.400
-4.500,-5.760,58.400
-4.500,-6.760,58.400
4.500,-5.760,58.400
4.500,-5.760,58.500
-4.500,-5.760,58.500
-4.500,-6.760,58.500
4.500,-6.760,58.500
4.500,-5.760,58.500
-4.500,-5.760,58.500
-4.500,-5.760,58.600
-4.500,-6.760,58.600
4.500,-6.760,58.600
4.500,-5.760,58.600
-4.500,-5.760,58.600
-4.500,-5.760,58.700
-4.500,-6.760,58.700
4.500,-6.760,58.700
4.500,-5.760,58.700
-4.500,-5.760,58.700
-4.500,-6.760,58.700
-4.500,-6.760,58.800
4.500,-6.760,58.800
4.500,-5.760,58.800
-4.500,-5.760,58.800
-4.500,-6.760,58.800
-4.500,-6.760,58.900
4.500,-6.760,58.900
4.500,-5.760,58.900
-4.500,-5.760,58.900
-4.500,-6.760,58.900
4.500,-5.760,58.900
4.500,-5.760,59.000
-4.500,-5.760,59.000
-4.500,-6.760,59.000
4.500,-6.760,59.000
4.500,-5.760,59.000
4.500,-5.760,59.100
-4.500,-5.760,59.100
-4.500,-6.760,59.100
4.500,-6.760,59.100
4.500,-5.760,59.100
4.500,-6.760,59.100
4.500,-6.760,59.200
4.500,-5.760,59.200
-4.500,-5.760,59.200
-4.500,-6.760,59.200
4.500,-6.760,59.200
4.500,-6.760,59.300
4.500,-5.760,59.300
-4.500,-5.760,59.300
-4.500,-6.760,59.300
4.500,-6.760,59.300
-4.500,-5.760,59.300
-4.500,-5.760,59.400
-4.500,-6.760,59.400
4.500,-6.760,59.400
4.500,-5.760,59.400
-4.500,-5.760,59.400
-4.500,-5.760,59.500
-4.500,-6.760,59.500
4.500,-6.760,59.500
4.500,-5.760,59.500
-4.500,-5.760,59.500
-4.500,-5.760,59.600
-4.500,-6.760,59.600
4.500,-6.760,59.600
4.500,-5.760,59.600
-4.500,-5.760,59.600
-4.500,-6.760,59.600
-4.500,-6.760,59.700
4.500,-6.760,59.700
4.500,-5.760,59.700
-4.500,-5.760,59.700
-4.500,-6.760,59.700
-4.500,-5.760,59.700
-4.500,-5.760,59.800
-4.500,-6.760,59.800
4.500,-6.760,59.800
4.500,-5.760,59.800
-4.500,-5.760,59.800
-4.500,-6.760,59.800
-4.500,-6.760,59.900
4.500,-6.760,59.900
4.500,-5.760,59.900
-4.500,-5.760,59.900
-4.500,-6.760,59.900
-4.500,-6.760,60.000
4.500,-6.760,60.000
4.500,-5.760,60.000
-4.500,-5.760,60.000
-4.500,-6.760,60.000
